org.keycloak.representations.idm.authorization.PolicyEvaluationResponse$EvaluationResultRepresentation.meth,obj_level(this),_implicit_conf_-exceptions_dumb_300_-dr_timeout=5m_cuddmem=8GiB_,pc âŠ” level(this) âŠ” obj_level(this)
org.keycloak.TokenVerifier$3.meth,obj_level(this),_implicit_conf_-exceptions_dumb_300_-dr_timeout=5m_cuddmem=8GiB_,pc âŠ” level(l1) âŠ” level(this) âŠ” obj_level(l1)
org.keycloak.TokenVerifier$3.meth,obj_level(l1),_implicit_conf_-exceptions_dumb_300_-dr_timeout=5m_cuddmem=8GiB_,pc âŠ” level(l1) âŠ” level(this) âŠ” obj_level(l1)
org.keycloak.representations.docker.DockerError.meth,obj_level(message),_implicit_conf_-exceptions_dumb_300_-dr_timeout=5m_cuddmem=8GiB_,pc âŠ” level(this) âŠ” obj_level(message) âŠ” obj_level(this)
org.keycloak.representations.docker.DockerError.meth,obj_level(this),_implicit_conf_-exceptions_dumb_300_-dr_timeout=5m_cuddmem=8GiB_,pc âŠ” level(dockerErrorDetails) âŠ” level(errorCode) âŠ” level(message) âŠ” level(this) âŠ” obj_level(dockerErrorDetails) âŠ” obj_level(errorCode) âŠ” obj_level(this)
org.keycloak.representations.docker.DockerError.meth,obj_level(dockerErrorDetails),_implicit_conf_-exceptions_dumb_300_-dr_timeout=5m_cuddmem=8GiB_,pc âŠ” level(dockerErrorDetails) âŠ” level(errorCode) âŠ” level(message) âŠ” level(this) âŠ” obj_level(dockerErrorDetails) âŠ” obj_level(errorCode) âŠ” obj_level(this)
org.keycloak.representations.docker.DockerError.meth,obj_level(errorCode),_implicit_conf_-exceptions_dumb_300_-dr_timeout=5m_cuddmem=8GiB_,pc âŠ” level(this) âŠ” obj_level(errorCode) âŠ” obj_level(this)
org.keycloak.jose.jwe.enc.AesCbcHmacShaEncryptionProvider.meth,obj_level(this),_implicit_conf_-exceptions_dumb_300_-dr_timeout=5m_cuddmem=8GiB_,pc âŠ” level(this) âŠ” obj_level(this)
org.keycloak.representations.idm.ClientTemplateRepresentation.meth,obj_level(this),_implicit_conf_-exceptions_dumb_300_-dr_timeout=5m_cuddmem=8GiB_,pc âŠ” level(this) âŠ” obj_level(this)
org.keycloak.representations.idm.RequiredActionProviderSimpleRepresentation.meth,obj_level(this),_implicit_conf_-exceptions_dumb_300_-dr_timeout=5m_cuddmem=8GiB_,pc âŠ” level(this) âŠ” obj_level(this)
org.keycloak.representations.idm.authorization.PolicyProviderRepresentation.meth,obj_level(this),_implicit_conf_-exceptions_dumb_300_-dr_timeout=5m_cuddmem=8GiB_,pc âŠ” level(this) âŠ” obj_level(this)
org.keycloak.representations.idm.LDAPCapabilityRepresentation.meth,obj_level(this),_implicit_conf_-exceptions_dumb_300_-dr_timeout=5m_cuddmem=8GiB_,pc âŠ” level(this) âŠ” obj_level(this)
org.keycloak.representations.provider.ScriptProviderMetadata.meth,obj_level(this),_implicit_conf_-exceptions_dumb_300_-dr_timeout=5m_cuddmem=8GiB_,pc âŠ” level(this) âŠ” obj_level(this)
org.keycloak.protocol.oidc.client.authentication.JWTClientCredentialsProvider.meth,obj_level(this),_implicit_conf_-exceptions_dumb_300_-dr_timeout=5m_cuddmem=8GiB_,pc âŠ” level(this) âŠ” obj_level(this)
org.keycloak.jose.jwk.JWK$Use.meth,obj_level(l1),_implicit_conf_-exceptions_dumb_300_-dr_timeout=5m_cuddmem=8GiB_,pc âŠ” level(l1) âŠ” level(l2) âŠ” level(this) âŠ” obj_level(l1) âŠ” obj_level(this)
org.keycloak.jose.jwk.JWK$Use.meth,obj_level(this),_implicit_conf_-exceptions_dumb_300_-dr_timeout=5m_cuddmem=8GiB_,pc âŠ” level(l1) âŠ” level(l2) âŠ” level(str) âŠ” level(this) âŠ” obj_level(str) âŠ” obj_level(this)
org.keycloak.jose.jwk.JWK$Use.meth,obj_level(str),_implicit_conf_-exceptions_dumb_300_-dr_timeout=5m_cuddmem=8GiB_,pc âŠ” level(l1) âŠ” level(l2) âŠ” level(this) âŠ” obj_level(str) âŠ” obj_level(this)
org.keycloak.representations.idm.IdentityProviderMapperRepresentation.meth,obj_level(this),_implicit_conf_-exceptions_dumb_300_-dr_timeout=5m_cuddmem=8GiB_,pc âŠ” level(this) âŠ” obj_level(this)
org.keycloak.representations.account.UserRepresentation.meth,obj_level(this),_implicit_conf_-exceptions_dumb_300_-dr_timeout=5m_cuddmem=8GiB_,pc âŠ” level(this) âŠ” obj_level(this)
org.keycloak.representations.UserInfo.meth,obj_level(this),_implicit_conf_-exceptions_dumb_300_-dr_timeout=5m_cuddmem=8GiB_,pc âŠ” level(this) âŠ” obj_level(this)
org.keycloak.representations.idm.OAuthClientRepresentation.meth,obj_level(this),_implicit_conf_-exceptions_dumb_300_-dr_timeout=5m_cuddmem=8GiB_,pc âŠ” level(this) âŠ” obj_level(this)
org.keycloak.jose.jwe.JWEKeyStorage.meth,obj_level(this),_implicit_conf_-exceptions_dumb_300_-dr_timeout=5m_cuddmem=8GiB_,pc âŠ” level(this) âŠ” obj_level(this)
org.keycloak.TokenIdGenerator.meth,obj_level(this),_implicit_conf_-exceptions_dumb_300_-dr_timeout=5m_cuddmem=8GiB_,pc âŠ” level(this) âŠ” obj_level(this)
org.keycloak.representations.idm.OAuth2ErrorRepresentation.meth,obj_level(this),_implicit_conf_-exceptions_dumb_300_-dr_timeout=5m_cuddmem=8GiB_,pc âŠ” level(this) âŠ” obj_level(this)
org.keycloak.representations.idm.AbstractAuthenticationExecutionRepresentation.meth,obj_level(this),_implicit_conf_-exceptions_dumb_300_-dr_timeout=5m_cuddmem=8GiB_,pc âŠ” level(this) âŠ” obj_level(this)
org.keycloak.jose.jwk.ECPublicJWK.meth,obj_level(this),_implicit_conf_-exceptions_dumb_300_-dr_timeout=5m_cuddmem=8GiB_,pc âŠ” level(this) âŠ” obj_level(this)
org.keycloak.exceptions.TokenSignatureInvalidException.meth,obj_level(this),_implicit_conf_-exceptions_dumb_300_-dr_timeout=5m_cuddmem=8GiB_,pc âŠ” level(this) âŠ” level(token) âŠ” obj_level(this) âŠ” obj_level(token)
org.keycloak.exceptions.TokenSignatureInvalidException.meth,obj_level(token),_implicit_conf_-exceptions_dumb_300_-dr_timeout=5m_cuddmem=8GiB_,pc âŠ” level(this) âŠ” level(token) âŠ” obj_level(this) âŠ” obj_level(token)
org.keycloak.representations.idm.ClientPolicyExecutorConfigurationRepresentation.meth,obj_level(this),_implicit_conf_-exceptions_dumb_300_-dr_timeout=5m_cuddmem=8GiB_,pc âŠ” level(this) âŠ” obj_level(this)
org.keycloak.crypto.PublicKeysWrapper.meth,obj_level(this),_implicit_conf_-exceptions_dumb_300_-dr_timeout=5m_cuddmem=8GiB_,pc âŠ” level(keys) âŠ” level(this) âŠ” obj_level(keys) âŠ” obj_level(this)
org.keycloak.crypto.PublicKeysWrapper.meth,obj_level(keys),_implicit_conf_-exceptions_dumb_300_-dr_timeout=5m_cuddmem=8GiB_,pc âŠ” level(keys) âŠ” level(this) âŠ” obj_level(keys) âŠ” obj_level(this)
org.keycloak.exceptions.TokenVerificationException.meth,obj_level(this),_implicit_conf_-exceptions_dumb_300_-dr_timeout=5m_cuddmem=8GiB_,pc âŠ” level(this) âŠ” level(token) âŠ” obj_level(this) âŠ” obj_level(token)
org.keycloak.exceptions.TokenVerificationException.meth,obj_level(token),_implicit_conf_-exceptions_dumb_300_-dr_timeout=5m_cuddmem=8GiB_,pc âŠ” level(this) âŠ” level(token) âŠ” obj_level(this) âŠ” obj_level(token)
org.keycloak.representations.idm.RolesRepresentation.meth,obj_level(this),_implicit_conf_-exceptions_dumb_300_-dr_timeout=5m_cuddmem=8GiB_,pc âŠ” level(this) âŠ” obj_level(this)
org.keycloak.representations.idm.AuthenticationExecutionRepresentation.meth,obj_level(this),_implicit_conf_-exceptions_dumb_300_-dr_timeout=5m_cuddmem=8GiB_,pc âŠ” level(this) âŠ” obj_level(this)
org.keycloak.representations.adapters.config.BaseAdapterConfig.meth,obj_level(this),_implicit_conf_-exceptions_dumb_300_-dr_timeout=5m_cuddmem=8GiB_,pc âŠ” level(this) âŠ” obj_level(this)
org.keycloak.representations.idm.ClientScopeRepresentation.meth,obj_level(this),_implicit_conf_-exceptions_dumb_300_-dr_timeout=5m_cuddmem=8GiB_,pc âŠ” level(this) âŠ” obj_level(this)
org.keycloak.crypto.KeyStatus.meth,obj_level(l1),_implicit_conf_-exceptions_dumb_300_-dr_timeout=5m_cuddmem=8GiB_,pc âŠ” level(l1) âŠ” level(l2) âŠ” level(this) âŠ” obj_level(l1) âŠ” obj_level(this)
org.keycloak.crypto.KeyStatus.meth,obj_level(this),_implicit_conf_-exceptions_dumb_300_-dr_timeout=5m_cuddmem=8GiB_,pc âŠ” level(l1) âŠ” level(l2) âŠ” level(this) âŠ” obj_level(l1) âŠ” obj_level(this)
org.keycloak.jose.jws.JWSInput.meth,obj_level(this),_implicit_conf_-exceptions_dumb_300_-dr_timeout=5m_cuddmem=8GiB_,pc âŠ” level(@wire) âŠ” level(this) âŠ” obj_level(@wire) âŠ” obj_level(this)
org.keycloak.jose.jws.JWSInput.meth,obj_level(@wire),_implicit_conf_-exceptions_dumb_300_-dr_timeout=5m_cuddmem=8GiB_,pc âŠ” level(@wire) âŠ” level(this) âŠ” obj_level(@wire) âŠ” obj_level(this)
org.keycloak.crypto.KeyWrapper.meth,obj_level(this),_implicit_conf_-exceptions_dumb_300_-dr_timeout=5m_cuddmem=8GiB_,pc âŠ” level(this) âŠ” obj_level(this)
org.keycloak.crypto.MacSignatureSignerContext.meth,obj_level(this),_implicit_conf_-exceptions_dumb_300_-dr_timeout=5m_cuddmem=8GiB_,pc âŠ” level(key) âŠ” level(this) âŠ” obj_level(key) âŠ” obj_level(this)
org.keycloak.crypto.MacSignatureSignerContext.meth,obj_level(key),_implicit_conf_-exceptions_dumb_300_-dr_timeout=5m_cuddmem=8GiB_,pc âŠ” level(key) âŠ” level(this) âŠ” obj_level(key) âŠ” obj_level(this)
org.keycloak.KeycloakSecurityContext.meth,obj_level(this),_implicit_conf_-exceptions_dumb_300_-dr_timeout=5m_cuddmem=8GiB_,pc âŠ” level(this) âŠ” obj_level(this)
org.keycloak.representations.idm.authorization.PolicyEvaluationRequest.meth,obj_level(this),_implicit_conf_-exceptions_dumb_300_-dr_timeout=5m_cuddmem=8GiB_,pc âŠ” level(this) âŠ” obj_level(this)
org.keycloak.representations.idm.ClientInitialAccessCreatePresentation.meth,obj_level(this),_implicit_conf_-exceptions_dumb_300_-dr_timeout=5m_cuddmem=8GiB_,pc âŠ” level(this) âŠ” obj_level(this)
org.keycloak.jose.jwe.JWEException.meth,obj_level(throwable),_implicit_conf_-exceptions_dumb_300_-dr_timeout=5m_cuddmem=8GiB_,pc âŠ” level(this) âŠ” level(throwable) âŠ” obj_level(this)
org.keycloak.jose.jwe.JWEException.meth,obj_level(this),_implicit_conf_-exceptions_dumb_300_-dr_timeout=5m_cuddmem=8GiB_,pc âŠ” level(this) âŠ” level(throwable) âŠ” obj_level(this)
org.keycloak.representations.account.ClientRepresentation.meth,obj_level(this),_implicit_conf_-exceptions_dumb_300_-dr_timeout=5m_cuddmem=8GiB_,pc âŠ” level(this) âŠ” obj_level(this)
org.keycloak.representations.JsonWebToken.meth,obj_level(this),_implicit_conf_-exceptions_dumb_300_-dr_timeout=5m_cuddmem=8GiB_,pc âŠ” level(this) âŠ” obj_level(this)
org.keycloak.json.StringOrArrayDeserializer.meth,obj_level(this),_implicit_conf_-exceptions_dumb_300_-dr_timeout=5m_cuddmem=8GiB_,pc âŠ” level(this) âŠ” obj_level(this)
org.keycloak.representations.idm.ErrorRepresentation.meth,obj_level(this),_implicit_conf_-exceptions_dumb_300_-dr_timeout=5m_cuddmem=8GiB_,pc âŠ” level(this) âŠ” obj_level(this)
org.keycloak.representations.idm.PasswordPolicyTypeRepresentation.meth,obj_level(this),_implicit_conf_-exceptions_dumb_300_-dr_timeout=5m_cuddmem=8GiB_,pc âŠ” level(this) âŠ” obj_level(this)
org.keycloak.representations.idm.AuthenticatorConfigInfoRepresentation.meth,obj_level(this),_implicit_conf_-exceptions_dumb_300_-dr_timeout=5m_cuddmem=8GiB_,pc âŠ” level(this) âŠ” obj_level(this)
org.keycloak.representations.info.CryptoInfoRepresentation.meth,obj_level(this),_implicit_conf_-exceptions_dumb_300_-dr_timeout=5m_cuddmem=8GiB_,pc âŠ” level(this) âŠ” obj_level(this)
org.keycloak.representations.KeyStoreConfig.meth,obj_level(this),_implicit_conf_-exceptions_dumb_300_-dr_timeout=5m_cuddmem=8GiB_,pc âŠ” level(this) âŠ” obj_level(this)
org.keycloak.representations.idm.authorization.ResourcePermissionRepresentation.meth,obj_level(this),_implicit_conf_-exceptions_dumb_300_-dr_timeout=5m_cuddmem=8GiB_,pc âŠ” level(this) âŠ” obj_level(this)
org.keycloak.representations.adapters.action.TestAvailabilityAction.meth,obj_level(this),_implicit_conf_-exceptions_dumb_300_-dr_timeout=5m_cuddmem=8GiB_,pc âŠ” level(this) âŠ” obj_level(this)
org.keycloak.util.JWKSUtils.meth,obj_level(this),_implicit_conf_-exceptions_dumb_300_-dr_timeout=5m_cuddmem=8GiB_,pc âŠ” level(this) âŠ” obj_level(this)
org.keycloak.jose.jwe.enc.AesCbcHmacShaEncryptionProvider$Aes128CbcHmacSha256Provider.meth,obj_level(this),_implicit_conf_-exceptions_dumb_300_-dr_timeout=5m_cuddmem=8GiB_,pc âŠ” level(this) âŠ” obj_level(this)
org.keycloak.crypto.MacSignatureVerifierContext.meth,obj_level(key),_implicit_conf_-exceptions_dumb_300_-dr_timeout=5m_cuddmem=8GiB_,pc âŠ” level(key) âŠ” level(this) âŠ” obj_level(key) âŠ” obj_level(this)
org.keycloak.crypto.MacSignatureVerifierContext.meth,obj_level(this),_implicit_conf_-exceptions_dumb_300_-dr_timeout=5m_cuddmem=8GiB_,pc âŠ” level(key) âŠ” level(this) âŠ” obj_level(key) âŠ” obj_level(this)
org.keycloak.representations.idm.KeysMetadataRepresentation.meth,obj_level(this),_implicit_conf_-exceptions_dumb_300_-dr_timeout=5m_cuddmem=8GiB_,pc âŠ” level(this) âŠ” obj_level(this)
org.keycloak.representations.idm.authorization.PolicyEnforcementMode.meth,obj_level(this),_implicit_conf_-exceptions_dumb_300_-dr_timeout=5m_cuddmem=8GiB_,pc âŠ” level(l1) âŠ” level(l2) âŠ” level(stableIndex) âŠ” level(this) âŠ” obj_level(l1) âŠ” obj_level(this)
org.keycloak.representations.idm.authorization.PolicyEnforcementMode.meth,obj_level(l1),_implicit_conf_-exceptions_dumb_300_-dr_timeout=5m_cuddmem=8GiB_,pc âŠ” level(l1) âŠ” level(l2) âŠ” level(this) âŠ” obj_level(l1) âŠ” obj_level(this)
org.keycloak.jose.jws.JWSHeader.meth,obj_level(this),_implicit_conf_-exceptions_dumb_300_-dr_timeout=5m_cuddmem=8GiB_,pc âŠ” level(this) âŠ” obj_level(this)
org.keycloak.representations.idm.RealmEventsConfigRepresentation.meth,obj_level(this),_implicit_conf_-exceptions_dumb_300_-dr_timeout=5m_cuddmem=8GiB_,pc âŠ” level(this) âŠ” obj_level(this)
org.keycloak.representations.idm.GroupRepresentation.meth,obj_level(this),_implicit_conf_-exceptions_dumb_300_-dr_timeout=5m_cuddmem=8GiB_,pc âŠ” level(this) âŠ” obj_level(this)
org.keycloak.representations.idm.authorization.PermissionTicketRepresentation.meth,obj_level(this),_implicit_conf_-exceptions_dumb_300_-dr_timeout=5m_cuddmem=8GiB_,pc âŠ” level(this) âŠ” obj_level(this)
org.keycloak.KeyPairVerifier.meth,obj_level(this),_implicit_conf_-exceptions_dumb_300_-dr_timeout=5m_cuddmem=8GiB_,pc âŠ” level(this) âŠ” obj_level(this)
org.keycloak.representations.adapters.action.AdminAction.meth,obj_level(this),_implicit_conf_-exceptions_dumb_300_-dr_timeout=5m_cuddmem=8GiB_,pc âŠ” level(this) âŠ” obj_level(this)
org.keycloak.representations.idm.authorization.ResourceServerRepresentation.meth,obj_level(this),_implicit_conf_-exceptions_dumb_300_-dr_timeout=5m_cuddmem=8GiB_,pc âŠ” level(this) âŠ” obj_level(this)
org.keycloak.OAuthErrorException.meth,obj_level(cause),_implicit_conf_-exceptions_dumb_300_-dr_timeout=5m_cuddmem=8GiB_,pc âŠ” level(cause) âŠ” level(description) âŠ” level(error) âŠ” level(message) âŠ” level(this) âŠ” obj_level(cause) âŠ” obj_level(description)
org.keycloak.OAuthErrorException.meth,obj_level(description),_implicit_conf_-exceptions_dumb_300_-dr_timeout=5m_cuddmem=8GiB_,pc âŠ” level(cause) âŠ” level(message) âŠ” level(this) âŠ” obj_level(cause) âŠ” obj_level(description)
org.keycloak.OAuthErrorException.meth,obj_level(this),_implicit_conf_-exceptions_dumb_300_-dr_timeout=5m_cuddmem=8GiB_,pc âŠ” level(cause) âŠ” level(description) âŠ” level(error) âŠ” level(message) âŠ” level(this) âŠ” obj_level(cause) âŠ” obj_level(description)
org.keycloak.OAuthErrorException.meth,obj_level(error),_implicit_conf_-exceptions_dumb_300_-dr_timeout=5m_cuddmem=8GiB_,pc âŠ” level(cause) âŠ” level(message) âŠ” level(this) âŠ” obj_level(cause) âŠ” obj_level(error)
org.keycloak.OAuthErrorException.meth,obj_level(message),_implicit_conf_-exceptions_dumb_300_-dr_timeout=5m_cuddmem=8GiB_,pc âŠ” level(cause) âŠ” level(message) âŠ” level(this) âŠ” obj_level(cause) âŠ” obj_level(message)
org.keycloak.jose.jws.JWSBuilder.meth,obj_level(this),_implicit_conf_-exceptions_dumb_300_-dr_timeout=5m_cuddmem=8GiB_,pc âŠ” level(this) âŠ” obj_level(this)
org.keycloak.representations.adapters.action.LogoutAction.meth,obj_level(this),_implicit_conf_-exceptions_dumb_300_-dr_timeout=5m_cuddmem=8GiB_,pc âŠ” level(this) âŠ” obj_level(this)
org.keycloak.representations.adapters.action.GlobalRequestResult.meth,obj_level(this),_implicit_conf_-exceptions_dumb_300_-dr_timeout=5m_cuddmem=8GiB_,pc âŠ” level(this) âŠ” obj_level(this)
org.keycloak.jose.jwk.JWK.meth,obj_level(this),_implicit_conf_-exceptions_dumb_300_-dr_timeout=5m_cuddmem=8GiB_,pc âŠ” level(this) âŠ” obj_level(this)
org.keycloak.crypto.HashException.meth,obj_level(this),_implicit_conf_-exceptions_dumb_300_-dr_timeout=5m_cuddmem=8GiB_,pc âŠ” level(message) âŠ” level(this) âŠ” obj_level(message) âŠ” obj_level(this)
org.keycloak.representations.idm.SocialLinkRepresentation.meth,obj_level(this),_implicit_conf_-exceptions_dumb_300_-dr_timeout=5m_cuddmem=8GiB_,pc âŠ” level(this) âŠ” obj_level(this)
org.keycloak.representations.OAuth2DeviceAuthorizationResponse.meth,obj_level(this),_implicit_conf_-exceptions_dumb_300_-dr_timeout=5m_cuddmem=8GiB_,pc âŠ” level(this) âŠ” obj_level(this)
org.keycloak.RSATokenVerifier.meth,obj_level(this),_implicit_conf_-exceptions_dumb_300_-dr_timeout=5m_cuddmem=8GiB_,pc âŠ” level(this) âŠ” level(tokenString) âŠ” obj_level(this) âŠ” obj_level(tokenString)
org.keycloak.RSATokenVerifier.meth,obj_level(tokenString),_implicit_conf_-exceptions_dumb_300_-dr_timeout=5m_cuddmem=8GiB_,pc âŠ” level(this) âŠ” level(tokenString) âŠ” obj_level(this) âŠ” obj_level(tokenString)
org.keycloak.TokenVerifier.meth,obj_level(this),_implicit_conf_-exceptions_dumb_300_-dr_timeout=5m_cuddmem=8GiB_,pc âŠ” level(clazz) âŠ” level(this) âŠ” level(tokenString) âŠ” obj_level(clazz) âŠ” obj_level(this) âŠ” obj_level(tokenString)
org.keycloak.TokenVerifier.meth,obj_level(tokenString),_implicit_conf_-exceptions_dumb_300_-dr_timeout=5m_cuddmem=8GiB_,pc âŠ” level(this) âŠ” obj_level(this) âŠ” obj_level(tokenString)
org.keycloak.TokenVerifier.meth,obj_level(clazz),_implicit_conf_-exceptions_dumb_300_-dr_timeout=5m_cuddmem=8GiB_,pc âŠ” level(clazz) âŠ” level(this) âŠ” level(tokenString) âŠ” obj_level(clazz) âŠ” obj_level(this) âŠ” obj_level(tokenString)
org.keycloak.protocol.oidc.client.authentication.ClientCredentialsProviderUtils.meth,obj_level(this),_implicit_conf_-exceptions_dumb_300_-dr_timeout=5m_cuddmem=8GiB_,pc âŠ” level(this) âŠ” obj_level(this)
org.keycloak.representations.account.ConsentScopeRepresentation.meth,obj_level(this),_implicit_conf_-exceptions_dumb_300_-dr_timeout=5m_cuddmem=8GiB_,pc âŠ” level(this) âŠ” obj_level(this)
org.keycloak.representations.idm.ManagementPermissionReference.meth,obj_level(this),_implicit_conf_-exceptions_dumb_300_-dr_timeout=5m_cuddmem=8GiB_,pc âŠ” level(this) âŠ” obj_level(this)
org.keycloak.jose.jwk.JSONWebKeySet.meth,obj_level(this),_implicit_conf_-exceptions_dumb_300_-dr_timeout=5m_cuddmem=8GiB_,pc âŠ” level(this) âŠ” obj_level(this)
org.keycloak.representations.idm.IdentityProviderMapperTypeRepresentation.meth,obj_level(this),_implicit_conf_-exceptions_dumb_300_-dr_timeout=5m_cuddmem=8GiB_,pc âŠ” level(this) âŠ” obj_level(this)
org.keycloak.representations.idm.UserConsentRepresentation.meth,obj_level(this),_implicit_conf_-exceptions_dumb_300_-dr_timeout=5m_cuddmem=8GiB_,pc âŠ” level(this) âŠ” obj_level(this)
org.keycloak.representations.idm.AuthenticationExecutionExportRepresentation.meth,obj_level(this),_implicit_conf_-exceptions_dumb_300_-dr_timeout=5m_cuddmem=8GiB_,pc âŠ” level(this) âŠ” obj_level(this)
org.keycloak.jose.jwe.JWEConstants.meth,obj_level(this),_implicit_conf_-exceptions_dumb_300_-dr_timeout=5m_cuddmem=8GiB_,pc âŠ” level(this) âŠ” obj_level(this)
org.keycloak.representations.AuthorizationResponseToken.meth,obj_level(this),_implicit_conf_-exceptions_dumb_300_-dr_timeout=5m_cuddmem=8GiB_,pc âŠ” level(this) âŠ” obj_level(this)
org.keycloak.representations.info.ProviderRepresentation.meth,obj_level(this),_implicit_conf_-exceptions_dumb_300_-dr_timeout=5m_cuddmem=8GiB_,pc âŠ” level(this) âŠ” obj_level(this)
org.keycloak.representations.idm.PublishedRealmRepresentation.meth,obj_level(this),_implicit_conf_-exceptions_dumb_300_-dr_timeout=5m_cuddmem=8GiB_,pc âŠ” level(this) âŠ” obj_level(this)
org.keycloak.representations.LogoutToken.meth,obj_level(this),_implicit_conf_-exceptions_dumb_300_-dr_timeout=5m_cuddmem=8GiB_,pc âŠ” level(this) âŠ” obj_level(this)
org.keycloak.representations.idm.authorization.UserPolicyRepresentation.meth,obj_level(this),_implicit_conf_-exceptions_dumb_300_-dr_timeout=5m_cuddmem=8GiB_,pc âŠ” level(this) âŠ” obj_level(this)
org.keycloak.representations.idm.UserFederationMapperTypeRepresentation.meth,obj_level(this),_implicit_conf_-exceptions_dumb_300_-dr_timeout=5m_cuddmem=8GiB_,pc âŠ” level(this) âŠ” obj_level(this)
org.keycloak.representations.idm.CertificateRepresentation.meth,obj_level(this),_implicit_conf_-exceptions_dumb_300_-dr_timeout=5m_cuddmem=8GiB_,pc âŠ” level(this) âŠ” obj_level(this)
org.keycloak.AbstractOAuthClient.meth,obj_level(this),_implicit_conf_-exceptions_dumb_300_-dr_timeout=5m_cuddmem=8GiB_,pc âŠ” level(this) âŠ” obj_level(this)
org.keycloak.representations.idm.ApplicationRepresentation.meth,obj_level(this),_implicit_conf_-exceptions_dumb_300_-dr_timeout=5m_cuddmem=8GiB_,pc âŠ” level(this) âŠ” obj_level(this)
org.keycloak.representations.info.ClientInstallationRepresentation.meth,obj_level(this),_implicit_conf_-exceptions_dumb_300_-dr_timeout=5m_cuddmem=8GiB_,pc âŠ” level(this) âŠ” obj_level(this)
org.keycloak.jose.jwe.enc.AesGcmEncryptionProvider.meth,obj_level(this),_implicit_conf_-exceptions_dumb_300_-dr_timeout=5m_cuddmem=8GiB_,pc âŠ” level(this) âŠ” obj_level(this)
org.keycloak.representations.idm.ComponentRepresentation.meth,obj_level(this),_implicit_conf_-exceptions_dumb_300_-dr_timeout=5m_cuddmem=8GiB_,pc âŠ” level(this) âŠ” obj_level(this)
org.keycloak.jose.jwe.JWEKeyStorage$KeyUse.meth,obj_level(l1),_implicit_conf_-exceptions_dumb_300_-dr_timeout=5m_cuddmem=8GiB_,pc âŠ” level(l1) âŠ” level(l2) âŠ” level(this) âŠ” obj_level(l1) âŠ” obj_level(this)
org.keycloak.jose.jwe.JWEKeyStorage$KeyUse.meth,obj_level(this),_implicit_conf_-exceptions_dumb_300_-dr_timeout=5m_cuddmem=8GiB_,pc âŠ” level(l1) âŠ” level(l2) âŠ” level(this) âŠ” obj_level(l1) âŠ” obj_level(this)
org.keycloak.representations.RefreshToken.meth,obj_level(this),_implicit_conf_-exceptions_dumb_300_-dr_timeout=5m_cuddmem=8GiB_,pc âŠ” level(this) âŠ” obj_level(this)
org.keycloak.TokenVerifier$AudienceCheck.meth,obj_level(expectedAudience),_implicit_conf_-exceptions_dumb_300_-dr_timeout=5m_cuddmem=8GiB_,pc âŠ” level(this) âŠ” obj_level(expectedAudience) âŠ” obj_level(this)
org.keycloak.TokenVerifier$AudienceCheck.meth,obj_level(this),_implicit_conf_-exceptions_dumb_300_-dr_timeout=5m_cuddmem=8GiB_,pc âŠ” level(expectedAudience) âŠ” level(this) âŠ” obj_level(expectedAudience) âŠ” obj_level(this)
org.keycloak.representations.idm.UserSessionRepresentation.meth,obj_level(this),_implicit_conf_-exceptions_dumb_300_-dr_timeout=5m_cuddmem=8GiB_,pc âŠ” level(this) âŠ” obj_level(this)
org.keycloak.representations.idm.AuthenticatorConfigRepresentation.meth,obj_level(this),_implicit_conf_-exceptions_dumb_300_-dr_timeout=5m_cuddmem=8GiB_,pc âŠ” level(this) âŠ” obj_level(this)
org.keycloak.representations.ClaimsRepresentation.meth,obj_level(this),_implicit_conf_-exceptions_dumb_300_-dr_timeout=5m_cuddmem=8GiB_,pc âŠ” level(this) âŠ” obj_level(this)
org.keycloak.representations.idm.ClientPoliciesRepresentation.meth,obj_level(this),_implicit_conf_-exceptions_dumb_300_-dr_timeout=5m_cuddmem=8GiB_,pc âŠ” level(this) âŠ” obj_level(this)
org.keycloak.jose.jws.crypto.HashUtils.meth,obj_level(this),_implicit_conf_-exceptions_dumb_300_-dr_timeout=5m_cuddmem=8GiB_,pc âŠ” level(this) âŠ” obj_level(this)
org.keycloak.representations.idm.LDAPCapabilityRepresentation$CapabilityType.meth,obj_level(l1),_implicit_conf_-exceptions_dumb_300_-dr_timeout=5m_cuddmem=8GiB_,pc âŠ” level(l1) âŠ” level(l2) âŠ” level(this) âŠ” obj_level(l1) âŠ” obj_level(this)
org.keycloak.representations.idm.LDAPCapabilityRepresentation$CapabilityType.meth,obj_level(this),_implicit_conf_-exceptions_dumb_300_-dr_timeout=5m_cuddmem=8GiB_,pc âŠ” level(l1) âŠ” level(l2) âŠ” level(this) âŠ” obj_level(l1) âŠ” obj_level(this)
org.keycloak.jose.jwe.enc.AesCbcHmacShaEncryptionProvider$Aes256CbcHmacSha512Provider.meth,obj_level(this),_implicit_conf_-exceptions_dumb_300_-dr_timeout=5m_cuddmem=8GiB_,pc âŠ” level(this) âŠ” obj_level(this)
org.keycloak.TokenVerifier$4.meth,obj_level(this),_implicit_conf_-exceptions_dumb_300_-dr_timeout=5m_cuddmem=8GiB_,pc âŠ” level(l1) âŠ” level(this) âŠ” obj_level(l1) âŠ” obj_level(this)
org.keycloak.TokenVerifier$4.meth,obj_level(l1),_implicit_conf_-exceptions_dumb_300_-dr_timeout=5m_cuddmem=8GiB_,pc âŠ” level(l1) âŠ” level(this) âŠ” obj_level(l1) âŠ” obj_level(this)
org.keycloak.representations.info.ThemeInfoRepresentation.meth,obj_level(this),_implicit_conf_-exceptions_dumb_300_-dr_timeout=5m_cuddmem=8GiB_,pc âŠ” level(this) âŠ” obj_level(this)
org.keycloak.representations.ClaimsRepresentation$ClaimContext.meth,obj_level(this),_implicit_conf_-exceptions_dumb_300_-dr_timeout=5m_cuddmem=8GiB_,pc âŠ” level(l1) âŠ” level(l2) âŠ” level(this) âŠ” obj_level(l1) âŠ” obj_level(this)
org.keycloak.representations.ClaimsRepresentation$ClaimContext.meth,obj_level(l1),_implicit_conf_-exceptions_dumb_300_-dr_timeout=5m_cuddmem=8GiB_,pc âŠ” level(l1) âŠ” level(l2) âŠ” level(this) âŠ” obj_level(l1) âŠ” obj_level(this)
org.keycloak.crypto.SignatureException.meth,obj_level(this),_implicit_conf_-exceptions_dumb_300_-dr_timeout=5m_cuddmem=8GiB_,pc âŠ” level(message) âŠ” level(this) âŠ” obj_level(message) âŠ” obj_level(this)
org.keycloak.representations.info.SystemInfoRepresentation.meth,obj_level(this),_implicit_conf_-exceptions_dumb_300_-dr_timeout=5m_cuddmem=8GiB_,pc âŠ” level(this) âŠ” obj_level(this)
org.keycloak.TokenVerifier$TokenTypeCheck.meth,obj_level(this),_implicit_conf_-exceptions_dumb_300_-dr_timeout=5m_cuddmem=8GiB_,pc âŠ” level(this) âŠ” level(tokenType) âŠ” obj_level(this) âŠ” obj_level(tokenType)
org.keycloak.TokenVerifier$TokenTypeCheck.meth,obj_level(tokenType),_implicit_conf_-exceptions_dumb_300_-dr_timeout=5m_cuddmem=8GiB_,pc âŠ” level(this) âŠ” obj_level(this) âŠ” obj_level(tokenType)
org.keycloak.representations.adapters.config.PolicyEnforcerConfig$UserManagedAccessConfig.meth,obj_level(this),_implicit_conf_-exceptions_dumb_300_-dr_timeout=5m_cuddmem=8GiB_,pc âŠ” level(this) âŠ” obj_level(this)
org.keycloak.representations.idm.ProtocolMapperRepresentation.meth,obj_level(this),_implicit_conf_-exceptions_dumb_300_-dr_timeout=5m_cuddmem=8GiB_,pc âŠ” level(this) âŠ” obj_level(this)
org.keycloak.crypto.JavaAlgorithm.meth,obj_level(this),_implicit_conf_-exceptions_dumb_300_-dr_timeout=5m_cuddmem=8GiB_,pc âŠ” level(this) âŠ” obj_level(this)
org.keycloak.jose.jws.crypto.RSAProvider.meth,obj_level(this),_implicit_conf_-exceptions_dumb_300_-dr_timeout=5m_cuddmem=8GiB_,pc âŠ” level(this) âŠ” obj_level(this)
org.keycloak.representations.docker.DockerErrorResponseToken.meth,obj_level(this),_implicit_conf_-exceptions_dumb_300_-dr_timeout=5m_cuddmem=8GiB_,pc âŠ” level(errorList) âŠ” level(this) âŠ” obj_level(errorList) âŠ” obj_level(this)
org.keycloak.representations.docker.DockerErrorResponseToken.meth,obj_level(errorList),_implicit_conf_-exceptions_dumb_300_-dr_timeout=5m_cuddmem=8GiB_,pc âŠ” level(errorList) âŠ” level(this) âŠ” obj_level(errorList) âŠ” obj_level(this)
org.keycloak.representations.idm.authorization.ClientScopePolicyRepresentation.meth,obj_level(this),_implicit_conf_-exceptions_dumb_300_-dr_timeout=5m_cuddmem=8GiB_,pc âŠ” level(this) âŠ” obj_level(this)
org.keycloak.Config$SystemPropertiesScope.meth,obj_level(prefix),_implicit_conf_-exceptions_dumb_300_-dr_timeout=5m_cuddmem=8GiB_,pc âŠ” level(this) âŠ” obj_level(prefix) âŠ” obj_level(this)
org.keycloak.Config$SystemPropertiesScope.meth,obj_level(this),_implicit_conf_-exceptions_dumb_300_-dr_timeout=5m_cuddmem=8GiB_,pc âŠ” level(prefix) âŠ” level(this) âŠ” obj_level(prefix) âŠ” obj_level(this)
org.keycloak.representations.idm.ConfigPropertyRepresentation.meth,obj_level(this),_implicit_conf_-exceptions_dumb_300_-dr_timeout=5m_cuddmem=8GiB_,pc âŠ” level(this) âŠ” obj_level(this)
org.keycloak.representations.idm.authorization.UmaPermissionRepresentation.meth,obj_level(this),_implicit_conf_-exceptions_dumb_300_-dr_timeout=5m_cuddmem=8GiB_,pc âŠ” level(this) âŠ” obj_level(this)
org.keycloak.protocol.oidc.client.authentication.JWTClientSecretCredentialsProvider.meth,obj_level(this),_implicit_conf_-exceptions_dumb_300_-dr_timeout=5m_cuddmem=8GiB_,pc âŠ” level(this) âŠ” obj_level(this)
org.keycloak.representations.adapters.config.PolicyEnforcerConfig.meth,obj_level(this),_implicit_conf_-exceptions_dumb_300_-dr_timeout=5m_cuddmem=8GiB_,pc âŠ” level(this) âŠ” obj_level(this)
org.keycloak.representations.VersionRepresentation.meth,obj_level(this),_implicit_conf_-exceptions_dumb_300_-dr_timeout=5m_cuddmem=8GiB_,pc âŠ” level(this) âŠ” obj_level(this)
org.keycloak.jose.jwe.JWEUtils.meth,obj_level(this),_implicit_conf_-exceptions_dumb_300_-dr_timeout=5m_cuddmem=8GiB_,pc âŠ” level(this) âŠ” obj_level(this)
org.keycloak.representations.idm.authorization.AbstractPolicyRepresentation.meth,obj_level(this),_implicit_conf_-exceptions_dumb_300_-dr_timeout=5m_cuddmem=8GiB_,pc âŠ” level(this) âŠ” obj_level(this)
org.keycloak.representations.adapters.config.PolicyEnforcerConfig$MethodConfig.meth,obj_level(this),_implicit_conf_-exceptions_dumb_300_-dr_timeout=5m_cuddmem=8GiB_,pc âŠ” level(this) âŠ” obj_level(this)
org.keycloak.representations.idm.TestLdapConnectionRepresentation.meth,obj_level(this),_implicit_conf_-exceptions_dumb_300_-dr_timeout=5m_cuddmem=8GiB_,pc âŠ” level(this) âŠ” obj_level(this)
org.keycloak.representations.idm.KeysMetadataRepresentation$KeyMetadataRepresentation.meth,obj_level(this),_implicit_conf_-exceptions_dumb_300_-dr_timeout=5m_cuddmem=8GiB_,pc âŠ” level(this) âŠ” obj_level(this)
org.keycloak.jose.JOSEParser.meth,obj_level(this),_implicit_conf_-exceptions_dumb_300_-dr_timeout=5m_cuddmem=8GiB_,pc âŠ” level(this) âŠ” obj_level(this)
org.keycloak.representations.idm.authorization.RegexPolicyRepresentation.meth,obj_level(this),_implicit_conf_-exceptions_dumb_300_-dr_timeout=5m_cuddmem=8GiB_,pc âŠ” level(this) âŠ” obj_level(this)
org.keycloak.representations.idm.authorization.ClientPolicyRepresentation.meth,obj_level(this),_implicit_conf_-exceptions_dumb_300_-dr_timeout=5m_cuddmem=8GiB_,pc âŠ” level(this) âŠ” obj_level(this)
org.keycloak.enums.TokenStore.meth,obj_level(l1),_implicit_conf_-exceptions_dumb_300_-dr_timeout=5m_cuddmem=8GiB_,pc âŠ” level(l1) âŠ” level(l2) âŠ” level(this) âŠ” obj_level(l1) âŠ” obj_level(this)
org.keycloak.enums.TokenStore.meth,obj_level(this),_implicit_conf_-exceptions_dumb_300_-dr_timeout=5m_cuddmem=8GiB_,pc âŠ” level(l1) âŠ” level(l2) âŠ” level(this) âŠ” obj_level(l1) âŠ” obj_level(this)
org.keycloak.representations.oidc.TokenMetadataRepresentation.meth,obj_level(this),_implicit_conf_-exceptions_dumb_300_-dr_timeout=5m_cuddmem=8GiB_,pc âŠ” level(this) âŠ” obj_level(this)
org.keycloak.jose.jwe.JWERegistry.meth,obj_level(this),_implicit_conf_-exceptions_dumb_300_-dr_timeout=5m_cuddmem=8GiB_,pc âŠ” level(this) âŠ” obj_level(this)
org.keycloak.json.StringListMapDeserializer.meth,obj_level(this),_implicit_conf_-exceptions_dumb_300_-dr_timeout=5m_cuddmem=8GiB_,pc âŠ” level(this) âŠ” obj_level(this)
org.keycloak.representations.idm.UserFederationProviderFactoryRepresentation.meth,obj_level(this),_implicit_conf_-exceptions_dumb_300_-dr_timeout=5m_cuddmem=8GiB_,pc âŠ” level(this) âŠ” obj_level(this)
org.keycloak.representations.idm.UserFederationProviderRepresentation.meth,obj_level(this),_implicit_conf_-exceptions_dumb_300_-dr_timeout=5m_cuddmem=8GiB_,pc âŠ” level(this) âŠ” obj_level(this)
org.keycloak.representations.idm.authorization.PolicyRepresentation.meth,obj_level(this),_implicit_conf_-exceptions_dumb_300_-dr_timeout=5m_cuddmem=8GiB_,pc âŠ” level(this) âŠ” obj_level(this)
org.keycloak.jose.jws.JWSInputException.meth,obj_level(this),_implicit_conf_-exceptions_dumb_300_-dr_timeout=5m_cuddmem=8GiB_,pc âŠ” level(this) âŠ” level(throwable) âŠ” obj_level(this)
org.keycloak.jose.jws.JWSInputException.meth,obj_level(throwable),_implicit_conf_-exceptions_dumb_300_-dr_timeout=5m_cuddmem=8GiB_,pc âŠ” level(this) âŠ” level(throwable) âŠ” obj_level(this)
org.keycloak.representations.account.CredentialMetadataRepresentation.meth,obj_level(this),_implicit_conf_-exceptions_dumb_300_-dr_timeout=5m_cuddmem=8GiB_,pc âŠ” level(this) âŠ” obj_level(this)
org.keycloak.representations.idm.UserFederationMapperRepresentation.meth,obj_level(this),_implicit_conf_-exceptions_dumb_300_-dr_timeout=5m_cuddmem=8GiB_,pc âŠ” level(this) âŠ” obj_level(this)
org.keycloak.representations.docker.DockerResponseToken.meth,obj_level(this),_implicit_conf_-exceptions_dumb_300_-dr_timeout=5m_cuddmem=8GiB_,pc âŠ” level(this) âŠ” obj_level(this)
org.keycloak.representations.account.ConsentRepresentation.meth,obj_level(this),_implicit_conf_-exceptions_dumb_300_-dr_timeout=5m_cuddmem=8GiB_,pc âŠ” level(this) âŠ” obj_level(this)
org.keycloak.util.TokenUtil.meth,obj_level(this),_implicit_conf_-exceptions_dumb_300_-dr_timeout=5m_cuddmem=8GiB_,pc âŠ” level(this) âŠ” obj_level(this)
org.keycloak.jose.jwe.JWEHeader.meth,obj_level(this),_implicit_conf_-exceptions_dumb_300_-dr_timeout=5m_cuddmem=8GiB_,pc âŠ” level(this) âŠ” obj_level(this)
org.keycloak.representations.idm.authorization.JSPolicyRepresentation.meth,obj_level(this),_implicit_conf_-exceptions_dumb_300_-dr_timeout=5m_cuddmem=8GiB_,pc âŠ” level(this) âŠ” obj_level(this)
org.keycloak.representations.idm.authorization.DecisionEffect.meth,obj_level(this),_implicit_conf_-exceptions_dumb_300_-dr_timeout=5m_cuddmem=8GiB_,pc âŠ” level(l1) âŠ” level(l2) âŠ” level(this) âŠ” obj_level(l1) âŠ” obj_level(this)
org.keycloak.representations.idm.authorization.DecisionEffect.meth,obj_level(l1),_implicit_conf_-exceptions_dumb_300_-dr_timeout=5m_cuddmem=8GiB_,pc âŠ” level(l1) âŠ” level(l2) âŠ” level(this) âŠ” obj_level(l1) âŠ” obj_level(this)
org.keycloak.representations.idm.ComponentExportRepresentation.meth,obj_level(this),_implicit_conf_-exceptions_dumb_300_-dr_timeout=5m_cuddmem=8GiB_,pc âŠ” level(this) âŠ” obj_level(this)
org.keycloak.jose.jwk.RSAPublicJWK.meth,obj_level(this),_implicit_conf_-exceptions_dumb_300_-dr_timeout=5m_cuddmem=8GiB_,pc âŠ” level(this) âŠ” obj_level(this)
org.keycloak.representations.idm.RoleRepresentation.meth,obj_level(this),_implicit_conf_-exceptions_dumb_300_-dr_timeout=5m_cuddmem=8GiB_,pc âŠ” level(this) âŠ” obj_level(this)
org.keycloak.representations.idm.PartialImportRepresentation$Policy.meth,obj_level(this),_implicit_conf_-exceptions_dumb_300_-dr_timeout=5m_cuddmem=8GiB_,pc âŠ” level(l1) âŠ” level(l2) âŠ” level(this) âŠ” obj_level(l1) âŠ” obj_level(this)
org.keycloak.representations.idm.PartialImportRepresentation$Policy.meth,obj_level(l1),_implicit_conf_-exceptions_dumb_300_-dr_timeout=5m_cuddmem=8GiB_,pc âŠ” level(l1) âŠ” level(l2) âŠ” level(this) âŠ” obj_level(l1) âŠ” obj_level(this)
org.keycloak.representations.docker.DockerAccess.meth,obj_level(this),_implicit_conf_-exceptions_dumb_300_-dr_timeout=5m_cuddmem=8GiB_,pc âŠ” level(this) âŠ” obj_level(this)
org.keycloak.representations.idm.ClientProfilesRepresentation.meth,obj_level(this),_implicit_conf_-exceptions_dumb_300_-dr_timeout=5m_cuddmem=8GiB_,pc âŠ” level(this) âŠ” obj_level(this)
org.keycloak.representations.idm.authorization.RolePolicyRepresentation.meth,obj_level(this),_implicit_conf_-exceptions_dumb_300_-dr_timeout=5m_cuddmem=8GiB_,pc âŠ” level(this) âŠ” obj_level(this)
org.keycloak.util.SystemPropertiesJsonParserFactory.meth,obj_level(this),_implicit_conf_-exceptions_dumb_300_-dr_timeout=5m_cuddmem=8GiB_,pc âŠ” level(this) âŠ” obj_level(this)
org.keycloak.representations.adapters.config.AdapterConfig.meth,obj_level(this),_implicit_conf_-exceptions_dumb_300_-dr_timeout=5m_cuddmem=8GiB_,pc âŠ” level(this) âŠ” obj_level(this)
org.keycloak.crypto.KeyUse.meth,obj_level(specName),_implicit_conf_-exceptions_dumb_300_-dr_timeout=5m_cuddmem=8GiB_,pc âŠ” level(l1) âŠ” level(l2) âŠ” level(this) âŠ” obj_level(specName) âŠ” obj_level(this)
org.keycloak.crypto.KeyUse.meth,obj_level(l1),_implicit_conf_-exceptions_dumb_300_-dr_timeout=5m_cuddmem=8GiB_,pc âŠ” level(l1) âŠ” level(l2) âŠ” level(this) âŠ” obj_level(l1) âŠ” obj_level(this)
org.keycloak.crypto.KeyUse.meth,obj_level(this),_implicit_conf_-exceptions_dumb_300_-dr_timeout=5m_cuddmem=8GiB_,pc âŠ” level(l1) âŠ” level(l2) âŠ” level(specName) âŠ” level(this) âŠ” obj_level(specName) âŠ” obj_level(this)
org.keycloak.exceptions.TokenNotActiveException.meth,obj_level(token),_implicit_conf_-exceptions_dumb_300_-dr_timeout=5m_cuddmem=8GiB_,pc âŠ” level(this) âŠ” level(token) âŠ” obj_level(this) âŠ” obj_level(token)
org.keycloak.exceptions.TokenNotActiveException.meth,obj_level(this),_implicit_conf_-exceptions_dumb_300_-dr_timeout=5m_cuddmem=8GiB_,pc âŠ” level(this) âŠ” level(token) âŠ” obj_level(this) âŠ” obj_level(token)
org.keycloak.representations.idm.AdminEventRepresentation.meth,obj_level(this),_implicit_conf_-exceptions_dumb_300_-dr_timeout=5m_cuddmem=8GiB_,pc âŠ” level(this) âŠ” obj_level(this)
org.keycloak.representations.idm.ProtocolMapperTypeRepresentation.meth,obj_level(this),_implicit_conf_-exceptions_dumb_300_-dr_timeout=5m_cuddmem=8GiB_,pc âŠ” level(this) âŠ” obj_level(this)
org.keycloak.representations.idm.ClientRepresentation.meth,obj_level(this),_implicit_conf_-exceptions_dumb_300_-dr_timeout=5m_cuddmem=8GiB_,pc âŠ” level(this) âŠ” obj_level(this)
org.keycloak.representations.idm.authorization.AggregatePolicyRepresentation.meth,obj_level(this),_implicit_conf_-exceptions_dumb_300_-dr_timeout=5m_cuddmem=8GiB_,pc âŠ” level(this) âŠ” obj_level(this)
org.keycloak.representations.info.SpiInfoRepresentation.meth,obj_level(this),_implicit_conf_-exceptions_dumb_300_-dr_timeout=5m_cuddmem=8GiB_,pc âŠ” level(this) âŠ” obj_level(this)
org.keycloak.TokenVerifier$1.meth,obj_level(this),_implicit_conf_-exceptions_dumb_300_-dr_timeout=5m_cuddmem=8GiB_,pc âŠ” level(this) âŠ” obj_level(this)
org.keycloak.Config.meth,obj_level(this),_implicit_conf_-exceptions_dumb_300_-dr_timeout=5m_cuddmem=8GiB_,pc âŠ” level(this) âŠ” obj_level(this)
org.keycloak.jose.jwe.alg.DirectAlgorithmProvider.meth,obj_level(this),_implicit_conf_-exceptions_dumb_300_-dr_timeout=5m_cuddmem=8GiB_,pc âŠ” level(this) âŠ” obj_level(this)
org.keycloak.representations.AccessToken$Access.meth,obj_level(this),_implicit_conf_-exceptions_dumb_300_-dr_timeout=5m_cuddmem=8GiB_,pc âŠ” level(this) âŠ” obj_level(this)
org.keycloak.representations.info.MemoryInfoRepresentation.meth,obj_level(this),_implicit_conf_-exceptions_dumb_300_-dr_timeout=5m_cuddmem=8GiB_,pc âŠ” level(this) âŠ” obj_level(this)
org.keycloak.representations.idm.ClientInitialAccessPresentation.meth,obj_level(this),_implicit_conf_-exceptions_dumb_300_-dr_timeout=5m_cuddmem=8GiB_,pc âŠ” level(this) âŠ” obj_level(this)
org.keycloak.representations.idm.SynchronizationResultRepresentation.meth,obj_level(this),_implicit_conf_-exceptions_dumb_300_-dr_timeout=5m_cuddmem=8GiB_,pc âŠ” level(this) âŠ” obj_level(this)
org.keycloak.representations.adapters.config.PolicyEnforcerConfig$PathConfig.meth,obj_level(this),_implicit_conf_-exceptions_dumb_300_-dr_timeout=5m_cuddmem=8GiB_,pc âŠ” level(this) âŠ” obj_level(this)
org.keycloak.representations.idm.UserFederationMapperSyncConfigRepresentation.meth,obj_level(this),_implicit_conf_-exceptions_dumb_300_-dr_timeout=5m_cuddmem=8GiB_,pc âŠ” level(this) âŠ” obj_level(this)
org.keycloak.representations.idm.authorization.DecisionStrategy.meth,obj_level(this),_implicit_conf_-exceptions_dumb_300_-dr_timeout=5m_cuddmem=8GiB_,pc âŠ” level(l1) âŠ” level(l2) âŠ” level(stableIndex) âŠ” level(this) âŠ” obj_level(l1) âŠ” obj_level(this)
org.keycloak.representations.idm.authorization.DecisionStrategy.meth,obj_level(l1),_implicit_conf_-exceptions_dumb_300_-dr_timeout=5m_cuddmem=8GiB_,pc âŠ” level(l1) âŠ” level(l2) âŠ” level(this) âŠ” obj_level(l1) âŠ” obj_level(this)
org.keycloak.crypto.AsymmetricSignatureVerifierContext.meth,obj_level(this),_implicit_conf_-exceptions_dumb_300_-dr_timeout=5m_cuddmem=8GiB_,pc âŠ” level(key) âŠ” level(this) âŠ” obj_level(key) âŠ” obj_level(this)
org.keycloak.crypto.AsymmetricSignatureVerifierContext.meth,obj_level(key),_implicit_conf_-exceptions_dumb_300_-dr_timeout=5m_cuddmem=8GiB_,pc âŠ” level(key) âŠ” level(this) âŠ” obj_level(key) âŠ” obj_level(this)
org.keycloak.representations.idm.authorization.PermissionRequest.meth,obj_level(resourceId),_implicit_conf_-exceptions_dumb_300_-dr_timeout=5m_cuddmem=8GiB_,pc âŠ” level(scopes) âŠ” level(this) âŠ” obj_level(resourceId) âŠ” obj_level(scopes) âŠ” obj_level(this)
org.keycloak.representations.idm.authorization.PermissionRequest.meth,obj_level(this),_implicit_conf_-exceptions_dumb_300_-dr_timeout=5m_cuddmem=8GiB_,pc âŠ” level(resourceId) âŠ” level(scopes) âŠ” level(this) âŠ” obj_level(resourceId) âŠ” obj_level(scopes) âŠ” obj_level(this)
org.keycloak.representations.idm.authorization.PermissionRequest.meth,obj_level(scopes),_implicit_conf_-exceptions_dumb_300_-dr_timeout=5m_cuddmem=8GiB_,pc âŠ” level(scopes) âŠ” level(this) âŠ” obj_level(scopes) âŠ” obj_level(this)
org.keycloak.jose.jwe.enc.AesCbcHmacShaEncryptionProvider$Aes192CbcHmacSha384Provider.meth,obj_level(this),_implicit_conf_-exceptions_dumb_300_-dr_timeout=5m_cuddmem=8GiB_,pc âŠ” level(this) âŠ” obj_level(this)
org.keycloak.representations.adapters.config.BaseRealmConfig.meth,obj_level(this),_implicit_conf_-exceptions_dumb_300_-dr_timeout=5m_cuddmem=8GiB_,pc âŠ” level(this) âŠ” obj_level(this)
org.keycloak.representations.idm.authorization.ResourceOwnerRepresentation.meth,obj_level(this),_implicit_conf_-exceptions_dumb_300_-dr_timeout=5m_cuddmem=8GiB_,pc âŠ” level(this) âŠ” obj_level(this)
org.keycloak.representations.idm.authorization.PermissionTicketToken.meth,obj_level(this),_implicit_conf_-exceptions_dumb_300_-dr_timeout=5m_cuddmem=8GiB_,pc âŠ” obj_level(this)
org.keycloak.representations.idm.authorization.PolicyEvaluationResponse$PolicyResultRepresentation.meth,obj_level(this),_implicit_conf_-exceptions_dumb_300_-dr_timeout=5m_cuddmem=8GiB_,pc âŠ” level(this) âŠ” obj_level(this)
org.keycloak.representations.idm.ScopeMappingRepresentation.meth,obj_level(this),_implicit_conf_-exceptions_dumb_300_-dr_timeout=5m_cuddmem=8GiB_,pc âŠ” level(this) âŠ” obj_level(this)
org.keycloak.jose.jws.crypto.HMACProvider.meth,obj_level(this),_implicit_conf_-exceptions_dumb_300_-dr_timeout=5m_cuddmem=8GiB_,pc âŠ” level(this) âŠ” obj_level(this)
org.keycloak.representations.IDToken.meth,obj_level(this),_implicit_conf_-exceptions_dumb_300_-dr_timeout=5m_cuddmem=8GiB_,pc âŠ” level(this) âŠ” obj_level(this)
org.keycloak.representations.AccessToken.meth,obj_level(this),_implicit_conf_-exceptions_dumb_300_-dr_timeout=5m_cuddmem=8GiB_,pc âŠ” level(this) âŠ” obj_level(this)
org.keycloak.representations.idm.ComponentTypeRepresentation.meth,obj_level(this),_implicit_conf_-exceptions_dumb_300_-dr_timeout=5m_cuddmem=8GiB_,pc âŠ” level(this) âŠ” obj_level(this)
org.keycloak.representations.idm.AuthenticationFlowRepresentation.meth,obj_level(this),_implicit_conf_-exceptions_dumb_300_-dr_timeout=5m_cuddmem=8GiB_,pc âŠ” level(this) âŠ” obj_level(this)
org.keycloak.representations.AccessTokenResponse.meth,obj_level(this),_implicit_conf_-exceptions_dumb_300_-dr_timeout=5m_cuddmem=8GiB_,pc âŠ” level(this) âŠ” obj_level(this)
org.keycloak.representations.idm.authorization.TimePolicyRepresentation.meth,obj_level(this),_implicit_conf_-exceptions_dumb_300_-dr_timeout=5m_cuddmem=8GiB_,pc âŠ” level(this) âŠ” obj_level(this)
org.keycloak.jose.jws.AlgorithmType.meth,obj_level(this),_implicit_conf_-exceptions_dumb_300_-dr_timeout=5m_cuddmem=8GiB_,pc âŠ” level(l1) âŠ” level(l2) âŠ” level(this) âŠ” obj_level(l1) âŠ” obj_level(this)
org.keycloak.jose.jws.AlgorithmType.meth,obj_level(l1),_implicit_conf_-exceptions_dumb_300_-dr_timeout=5m_cuddmem=8GiB_,pc âŠ” level(l1) âŠ” level(l2) âŠ” level(this) âŠ” obj_level(l1) âŠ” obj_level(this)
org.keycloak.util.BasicAuthHelper.meth,obj_level(this),_implicit_conf_-exceptions_dumb_300_-dr_timeout=5m_cuddmem=8GiB_,pc âŠ” level(this) âŠ” obj_level(this)
org.keycloak.protocol.oidc.representations.MTLSEndpointAliases.meth,obj_level(this),_implicit_conf_-exceptions_dumb_300_-dr_timeout=5m_cuddmem=8GiB_,pc âŠ” level(this) âŠ” obj_level(this)
org.keycloak.representations.idm.CredentialRepresentation.meth,obj_level(this),_implicit_conf_-exceptions_dumb_300_-dr_timeout=5m_cuddmem=8GiB_,pc âŠ” level(this) âŠ” obj_level(this)
org.keycloak.representations.idm.IdentityProviderRepresentation.meth,obj_level(this),_implicit_conf_-exceptions_dumb_300_-dr_timeout=5m_cuddmem=8GiB_,pc âŠ” level(this) âŠ” obj_level(this)
org.keycloak.representations.idm.ClientPolicyConditionRepresentation.meth,obj_level(this),_implicit_conf_-exceptions_dumb_300_-dr_timeout=5m_cuddmem=8GiB_,pc âŠ” level(this) âŠ” obj_level(this)
org.keycloak.representations.idm.RequiredActionProviderRepresentation.meth,obj_level(this),_implicit_conf_-exceptions_dumb_300_-dr_timeout=5m_cuddmem=8GiB_,pc âŠ” level(this) âŠ” obj_level(this)
org.keycloak.representations.idm.ClientProfileRepresentation.meth,obj_level(this),_implicit_conf_-exceptions_dumb_300_-dr_timeout=5m_cuddmem=8GiB_,pc âŠ” level(this) âŠ” obj_level(this)
org.keycloak.representations.account.SessionRepresentation.meth,obj_level(this),_implicit_conf_-exceptions_dumb_300_-dr_timeout=5m_cuddmem=8GiB_,pc âŠ” level(this) âŠ” obj_level(this)
org.keycloak.representations.info.ProfileInfoRepresentation.meth,obj_level(this),_implicit_conf_-exceptions_dumb_300_-dr_timeout=5m_cuddmem=8GiB_,pc âŠ” level(this) âŠ” obj_level(this)
org.keycloak.TokenVerifier$IssuedForCheck.meth,obj_level(expectedIssuedFor),_implicit_conf_-exceptions_dumb_300_-dr_timeout=5m_cuddmem=8GiB_,pc âŠ” level(this) âŠ” obj_level(expectedIssuedFor) âŠ” obj_level(this)
org.keycloak.TokenVerifier$IssuedForCheck.meth,obj_level(this),_implicit_conf_-exceptions_dumb_300_-dr_timeout=5m_cuddmem=8GiB_,pc âŠ” level(expectedIssuedFor) âŠ” level(this) âŠ” obj_level(expectedIssuedFor) âŠ” obj_level(this)
org.keycloak.jose.jwk.JWKBuilder.meth,obj_level(this),_implicit_conf_-exceptions_dumb_300_-dr_timeout=5m_cuddmem=8GiB_,pc âŠ” level(this) âŠ” obj_level(this)
org.keycloak.representations.account.UserProfileAttributeMetadata.meth,obj_level(this),_implicit_conf_-exceptions_dumb_300_-dr_timeout=5m_cuddmem=8GiB_,pc âŠ” level(this) âŠ” obj_level(this)
org.keycloak.representations.idm.authorization.ResourceRepresentation.meth,obj_level(scopes),_implicit_conf_-exceptions_dumb_300_-dr_timeout=5m_cuddmem=8GiB_,pc âŠ” level(iconUri) âŠ” level(name) âŠ” level(scopes) âŠ” level(this) âŠ” level(type) âŠ” level(uris) âŠ” obj_level(iconUri) âŠ” obj_level(this) âŠ” obj_level(uris)
org.keycloak.representations.idm.authorization.ResourceRepresentation.meth,obj_level(uris),_implicit_conf_-exceptions_dumb_300_-dr_timeout=5m_cuddmem=8GiB_,pc âŠ” level(iconUri) âŠ” level(name) âŠ” level(scopes) âŠ” level(this) âŠ” level(type) âŠ” level(uris) âŠ” obj_level(iconUri) âŠ” obj_level(this) âŠ” obj_level(uris)
org.keycloak.representations.idm.authorization.ResourceRepresentation.meth,obj_level(iconUri),_implicit_conf_-exceptions_dumb_300_-dr_timeout=5m_cuddmem=8GiB_,pc âŠ” level(this) âŠ” obj_level(iconUri) âŠ” obj_level(this)
org.keycloak.representations.idm.authorization.ResourceRepresentation.meth,obj_level(this),_implicit_conf_-exceptions_dumb_300_-dr_timeout=5m_cuddmem=8GiB_,pc âŠ” level(iconUri) âŠ” level(name) âŠ” level(scopes) âŠ” level(this) âŠ” level(type) âŠ” level(uris) âŠ” obj_level(iconUri) âŠ” obj_level(this) âŠ” obj_level(uris)
org.keycloak.representations.idm.authorization.ResourceRepresentation.meth,obj_level(name),_implicit_conf_-exceptions_dumb_300_-dr_timeout=5m_cuddmem=8GiB_,pc âŠ” level(this) âŠ” obj_level(name) âŠ” obj_level(this)
org.keycloak.representations.idm.authorization.ResourceRepresentation.meth,obj_level(type),_implicit_conf_-exceptions_dumb_300_-dr_timeout=5m_cuddmem=8GiB_,pc âŠ” level(this) âŠ” obj_level(this) âŠ” obj_level(type)
org.keycloak.representations.ClaimsRepresentation$ClaimValue.meth,obj_level(this),_implicit_conf_-exceptions_dumb_300_-dr_timeout=5m_cuddmem=8GiB_,pc âŠ” level(this) âŠ” obj_level(this)
org.keycloak.representations.idm.authorization.GroupPolicyRepresentation.meth,obj_level(this),_implicit_conf_-exceptions_dumb_300_-dr_timeout=5m_cuddmem=8GiB_,pc âŠ” level(this) âŠ” obj_level(this)
org.keycloak.representations.account.DeviceRepresentation.meth,obj_level(this),_implicit_conf_-exceptions_dumb_300_-dr_timeout=5m_cuddmem=8GiB_,pc âŠ” level(this) âŠ” obj_level(this)
org.keycloak.representations.idm.MappingsRepresentation.meth,obj_level(this),_implicit_conf_-exceptions_dumb_300_-dr_timeout=5m_cuddmem=8GiB_,pc âŠ” level(this) âŠ” obj_level(this)
org.keycloak.TokenCategory.meth,obj_level(l1),_implicit_conf_-exceptions_dumb_300_-dr_timeout=5m_cuddmem=8GiB_,pc âŠ” level(l1) âŠ” level(l2) âŠ” level(this) âŠ” obj_level(l1) âŠ” obj_level(this)
org.keycloak.TokenCategory.meth,obj_level(this),_implicit_conf_-exceptions_dumb_300_-dr_timeout=5m_cuddmem=8GiB_,pc âŠ” level(l1) âŠ” level(l2) âŠ” level(this) âŠ” obj_level(l1) âŠ” obj_level(this)
org.keycloak.TokenVerifier$RealmUrlCheck.meth,obj_level(this),_implicit_conf_-exceptions_dumb_300_-dr_timeout=5m_cuddmem=8GiB_,pc âŠ” level(realmUrl) âŠ” level(this) âŠ” obj_level(realmUrl) âŠ” obj_level(this)
org.keycloak.TokenVerifier$RealmUrlCheck.meth,obj_level(realmUrl),_implicit_conf_-exceptions_dumb_300_-dr_timeout=5m_cuddmem=8GiB_,pc âŠ” level(this) âŠ” obj_level(realmUrl) âŠ” obj_level(this)
org.keycloak.TokenVerifier$2.meth,obj_level(this),_implicit_conf_-exceptions_dumb_300_-dr_timeout=5m_cuddmem=8GiB_,pc âŠ” level(this) âŠ” obj_level(this)
org.keycloak.representations.idm.RealmRepresentation.meth,obj_level(this),_implicit_conf_-exceptions_dumb_300_-dr_timeout=5m_cuddmem=8GiB_,pc âŠ” level(this) âŠ” obj_level(this)
org.keycloak.jose.jwe.JWE.meth,obj_level(this),_implicit_conf_-exceptions_dumb_300_-dr_timeout=5m_cuddmem=8GiB_,pc âŠ” level(this) âŠ” obj_level(this)
org.keycloak.representations.AuthorizationDetailsJSONRepresentation.meth,obj_level(this),_implicit_conf_-exceptions_dumb_300_-dr_timeout=5m_cuddmem=8GiB_,pc âŠ” level(this) âŠ” obj_level(this)
org.keycloak.representations.idm.authorization.PermissionResponse.meth,obj_level(ticket),_implicit_conf_-exceptions_dumb_300_-dr_timeout=5m_cuddmem=8GiB_,pc âŠ” level(this) âŠ” obj_level(this) âŠ” obj_level(ticket)
org.keycloak.representations.idm.authorization.PermissionResponse.meth,obj_level(this),_implicit_conf_-exceptions_dumb_300_-dr_timeout=5m_cuddmem=8GiB_,pc âŠ” level(this) âŠ” level(ticket) âŠ” obj_level(this) âŠ” obj_level(ticket)
org.keycloak.representations.idm.authorization.Logic.meth,obj_level(l1),_implicit_conf_-exceptions_dumb_300_-dr_timeout=5m_cuddmem=8GiB_,pc âŠ” level(l1) âŠ” level(l2) âŠ” level(this) âŠ” obj_level(l1) âŠ” obj_level(this)
org.keycloak.representations.idm.authorization.Logic.meth,obj_level(this),_implicit_conf_-exceptions_dumb_300_-dr_timeout=5m_cuddmem=8GiB_,pc âŠ” level(l1) âŠ” level(l2) âŠ” level(stableIndex) âŠ” level(this) âŠ” obj_level(l1) âŠ” obj_level(this)
org.keycloak.representations.account.UserProfileMetadata.meth,obj_level(this),_implicit_conf_-exceptions_dumb_300_-dr_timeout=5m_cuddmem=8GiB_,pc âŠ” level(this) âŠ” obj_level(this)
org.keycloak.jose.jwe.enc.AesCbcHmacShaJWEEncryptionProvider.meth,obj_level(jwaAlgorithmName),_implicit_conf_-exceptions_dumb_300_-dr_timeout=5m_cuddmem=8GiB_,pc âŠ” level(this) âŠ” obj_level(jwaAlgorithmName) âŠ” obj_level(this)
org.keycloak.jose.jwe.enc.AesCbcHmacShaJWEEncryptionProvider.meth,obj_level(this),_implicit_conf_-exceptions_dumb_300_-dr_timeout=5m_cuddmem=8GiB_,pc âŠ” level(this) âŠ” obj_level(jwaAlgorithmName) âŠ” obj_level(this)
org.keycloak.representations.idm.UserRepresentation.meth,obj_level(this),_implicit_conf_-exceptions_dumb_300_-dr_timeout=5m_cuddmem=8GiB_,pc âŠ” level(this) âŠ” obj_level(this)
org.keycloak.representations.idm.AuthDetailsRepresentation.meth,obj_level(this),_implicit_conf_-exceptions_dumb_300_-dr_timeout=5m_cuddmem=8GiB_,pc âŠ” level(this) âŠ” obj_level(this)
org.keycloak.representations.idm.authorization.ScopePermissionRepresentation.meth,obj_level(this),_implicit_conf_-exceptions_dumb_300_-dr_timeout=5m_cuddmem=8GiB_,pc âŠ” level(this) âŠ” obj_level(this)
org.keycloak.representations.AccessToken$CertConf.meth,obj_level(this),_implicit_conf_-exceptions_dumb_300_-dr_timeout=5m_cuddmem=8GiB_,pc âŠ” level(this) âŠ” obj_level(this)
org.keycloak.representations.provider.ScriptProviderDescriptor.meth,obj_level(this),_implicit_conf_-exceptions_dumb_300_-dr_timeout=5m_cuddmem=8GiB_,pc âŠ” level(this) âŠ” obj_level(this)
org.keycloak.crypto.AsymmetricSignatureSignerContext.meth,obj_level(this),_implicit_conf_-exceptions_dumb_300_-dr_timeout=5m_cuddmem=8GiB_,pc âŠ” level(key) âŠ” level(this) âŠ” obj_level(key) âŠ” obj_level(this)
org.keycloak.crypto.AsymmetricSignatureSignerContext.meth,obj_level(key),_implicit_conf_-exceptions_dumb_300_-dr_timeout=5m_cuddmem=8GiB_,pc âŠ” level(key) âŠ” level(this) âŠ” obj_level(key) âŠ” obj_level(this)
org.keycloak.representations.idm.ClaimRepresentation.meth,obj_level(this),_implicit_conf_-exceptions_dumb_300_-dr_timeout=5m_cuddmem=8GiB_,pc âŠ” level(this) âŠ” obj_level(this)
org.keycloak.representations.docker.DockerResponse.meth,obj_level(this),_implicit_conf_-exceptions_dumb_300_-dr_timeout=5m_cuddmem=8GiB_,pc âŠ” level(this) âŠ” obj_level(this)
org.keycloak.representations.adapters.config.PolicyEnforcerConfig$EnforcementMode.meth,obj_level(l1),_implicit_conf_-exceptions_dumb_300_-dr_timeout=5m_cuddmem=8GiB_,pc âŠ” level(l1) âŠ” level(l2) âŠ” level(this) âŠ” obj_level(l1) âŠ” obj_level(this)
org.keycloak.representations.adapters.config.PolicyEnforcerConfig$EnforcementMode.meth,obj_level(this),_implicit_conf_-exceptions_dumb_300_-dr_timeout=5m_cuddmem=8GiB_,pc âŠ” level(l1) âŠ” level(l2) âŠ” level(this) âŠ” obj_level(l1) âŠ” obj_level(this)
org.keycloak.representations.adapters.config.PolicyEnforcerConfig$PathCacheConfig.meth,obj_level(this),_implicit_conf_-exceptions_dumb_300_-dr_timeout=5m_cuddmem=8GiB_,pc âŠ” level(this) âŠ” obj_level(this)
org.keycloak.representations.idm.FederatedIdentityRepresentation.meth,obj_level(this),_implicit_conf_-exceptions_dumb_300_-dr_timeout=5m_cuddmem=8GiB_,pc âŠ” level(this) âŠ” obj_level(this)
org.keycloak.jose.jws.Algorithm.meth,obj_level(l1),_implicit_conf_-exceptions_dumb_300_-dr_timeout=5m_cuddmem=8GiB_,pc âŠ” level(l1) âŠ” level(l2) âŠ” level(this) âŠ” obj_level(l1) âŠ” obj_level(this)
org.keycloak.jose.jws.Algorithm.meth,obj_level(provider),_implicit_conf_-exceptions_dumb_300_-dr_timeout=5m_cuddmem=8GiB_,pc âŠ” level(l1) âŠ” level(l2) âŠ” level(this) âŠ” obj_level(l1) âŠ” obj_level(provider) âŠ” obj_level(this)
org.keycloak.jose.jws.Algorithm.meth,obj_level(this),_implicit_conf_-exceptions_dumb_300_-dr_timeout=5m_cuddmem=8GiB_,pc âŠ” level(l1) âŠ” level(l2) âŠ” level(provider) âŠ” level(this) âŠ” level(type) âŠ” obj_level(l1) âŠ” obj_level(provider) âŠ” obj_level(this) âŠ” obj_level(type)
org.keycloak.jose.jws.Algorithm.meth,obj_level(type),_implicit_conf_-exceptions_dumb_300_-dr_timeout=5m_cuddmem=8GiB_,pc âŠ” level(l1) âŠ” level(l2) âŠ” level(this) âŠ” obj_level(l1) âŠ” obj_level(this) âŠ” obj_level(type)
org.keycloak.util.JsonSerialization.meth,obj_level(this),_implicit_conf_-exceptions_dumb_300_-dr_timeout=5m_cuddmem=8GiB_,pc âŠ” level(this) âŠ” obj_level(this)
org.keycloak.util.BasicAuthHelper$RFC6749.meth,obj_level(this),_implicit_conf_-exceptions_dumb_300_-dr_timeout=5m_cuddmem=8GiB_,pc âŠ” level(this) âŠ” obj_level(this)
org.keycloak.jose.jwk.JWKUtil.meth,obj_level(this),_implicit_conf_-exceptions_dumb_300_-dr_timeout=5m_cuddmem=8GiB_,pc âŠ” level(this) âŠ” obj_level(this)
org.keycloak.util.SystemPropertiesJsonParserFactory$SystemPropertiesAwareJsonParser.meth,obj_level(this),_implicit_conf_-exceptions_dumb_300_-dr_timeout=5m_cuddmem=8GiB_,pc âŠ” level(d) âŠ” level(this) âŠ” obj_level(d) âŠ” obj_level(this)
org.keycloak.jose.jwk.JWKParser.meth,obj_level(this),_implicit_conf_-exceptions_dumb_300_-dr_timeout=5m_cuddmem=8GiB_,pc âŠ” level(jwk) âŠ” level(this) âŠ” obj_level(jwk) âŠ” obj_level(this)
org.keycloak.jose.jwk.JWKParser.meth,obj_level(jwk),_implicit_conf_-exceptions_dumb_300_-dr_timeout=5m_cuddmem=8GiB_,pc âŠ” level(jwk) âŠ” level(this) âŠ” obj_level(jwk) âŠ” obj_level(this)
org.keycloak.KeycloakPrincipal.meth,obj_level(context),_implicit_conf_-exceptions_dumb_300_-dr_timeout=5m_cuddmem=8GiB_,pc âŠ” level(context) âŠ” level(name) âŠ” level(this) âŠ” obj_level(context) âŠ” obj_level(name) âŠ” obj_level(this)
org.keycloak.KeycloakPrincipal.meth,obj_level(this),_implicit_conf_-exceptions_dumb_300_-dr_timeout=5m_cuddmem=8GiB_,pc âŠ” level(context) âŠ” level(name) âŠ” level(this) âŠ” obj_level(context) âŠ” obj_level(name) âŠ” obj_level(this)
org.keycloak.KeycloakPrincipal.meth,obj_level(name),_implicit_conf_-exceptions_dumb_300_-dr_timeout=5m_cuddmem=8GiB_,pc âŠ” level(this) âŠ” obj_level(name) âŠ” obj_level(this)
org.keycloak.jose.jwe.enc.AesGcmJWEEncryptionProvider.meth,obj_level(this),_implicit_conf_-exceptions_dumb_300_-dr_timeout=5m_cuddmem=8GiB_,pc âŠ” level(this) âŠ” obj_level(jwaAlgorithmName) âŠ” obj_level(this)
org.keycloak.representations.adapters.action.PushNotBeforeAction.meth,obj_level(this),_implicit_conf_-exceptions_dumb_300_-dr_timeout=5m_cuddmem=8GiB_,pc âŠ” level(this) âŠ” obj_level(this)
org.keycloak.representations.idm.AuthenticationExecutionInfoRepresentation.meth,obj_level(this),_implicit_conf_-exceptions_dumb_300_-dr_timeout=5m_cuddmem=8GiB_,pc âŠ” level(this) âŠ” obj_level(this)
org.keycloak.representations.AddressClaimSet.meth,obj_level(this),_implicit_conf_-exceptions_dumb_300_-dr_timeout=5m_cuddmem=8GiB_,pc âŠ” level(this) âŠ” obj_level(this)
org.keycloak.representations.idm.ClientPolicyRepresentation.meth,obj_level(this),_implicit_conf_-exceptions_dumb_300_-dr_timeout=5m_cuddmem=8GiB_,pc âŠ” level(this) âŠ” obj_level(this)
org.keycloak.representations.idm.ClientPolicyConditionConfigurationRepresentation.meth,obj_level(this),_implicit_conf_-exceptions_dumb_300_-dr_timeout=5m_cuddmem=8GiB_,pc âŠ” level(this) âŠ” obj_level(this)
org.keycloak.representations.idm.ManagementPermissionRepresentation.meth,obj_level(this),_implicit_conf_-exceptions_dumb_300_-dr_timeout=5m_cuddmem=8GiB_,pc âŠ” level(enabled) âŠ” level(this) âŠ” obj_level(this)
org.keycloak.representations.idm.authorization.AuthorizationRequest.meth,obj_level(this),_implicit_conf_-exceptions_dumb_300_-dr_timeout=5m_cuddmem=8GiB_,pc âŠ” level(this) âŠ” level(ticket) âŠ” obj_level(this) âŠ” obj_level(ticket)
org.keycloak.representations.idm.authorization.AuthorizationRequest.meth,obj_level(ticket),_implicit_conf_-exceptions_dumb_300_-dr_timeout=5m_cuddmem=8GiB_,pc âŠ” level(this) âŠ” obj_level(this) âŠ” obj_level(ticket)
org.keycloak.jose.jws.JWSBuilder$EncodingBuilder.meth,obj_level(this$0),_implicit_conf_-exceptions_dumb_300_-dr_timeout=5m_cuddmem=8GiB_,pc âŠ” level(this) âŠ” level(this$0) âŠ” obj_level(this) âŠ” obj_level(this$0)
org.keycloak.jose.jws.JWSBuilder$EncodingBuilder.meth,obj_level(this),_implicit_conf_-exceptions_dumb_300_-dr_timeout=5m_cuddmem=8GiB_,pc âŠ” level(this) âŠ” level(this$0) âŠ” obj_level(this) âŠ” obj_level(this$0)
org.keycloak.representations.idm.authorization.AuthorizationRequest$Metadata.meth,obj_level(this),_implicit_conf_-exceptions_dumb_300_-dr_timeout=5m_cuddmem=8GiB_,pc âŠ” level(this) âŠ” obj_level(this)
org.keycloak.representations.AccessToken$Authorization.meth,obj_level(this),_implicit_conf_-exceptions_dumb_300_-dr_timeout=5m_cuddmem=8GiB_,pc âŠ” level(this) âŠ” obj_level(this)
org.keycloak.representations.account.AccountLinkUriRepresentation.meth,obj_level(this),_implicit_conf_-exceptions_dumb_300_-dr_timeout=5m_cuddmem=8GiB_,pc âŠ” level(this) âŠ” obj_level(this)
org.keycloak.AuthorizationContext.meth,obj_level(authzToken),_implicit_conf_-exceptions_dumb_300_-dr_timeout=5m_cuddmem=8GiB_,pc âŠ” level(authzToken) âŠ” level(current) âŠ” level(this) âŠ” obj_level(authzToken) âŠ” obj_level(current) âŠ” obj_level(this)
org.keycloak.AuthorizationContext.meth,obj_level(current),_implicit_conf_-exceptions_dumb_300_-dr_timeout=5m_cuddmem=8GiB_,pc âŠ” level(authzToken) âŠ” level(current) âŠ” level(this) âŠ” obj_level(authzToken) âŠ” obj_level(current) âŠ” obj_level(this)
org.keycloak.AuthorizationContext.meth,obj_level(this),_implicit_conf_-exceptions_dumb_300_-dr_timeout=5m_cuddmem=8GiB_,pc âŠ” level(authzToken) âŠ” level(current) âŠ” level(this) âŠ” obj_level(authzToken) âŠ” obj_level(current) âŠ” obj_level(this)
org.keycloak.representations.idm.authorization.AuthorizationResponse.meth,obj_level(this),_implicit_conf_-exceptions_dumb_300_-dr_timeout=5m_cuddmem=8GiB_,pc âŠ” level(this) âŠ” obj_level(this)
org.keycloak.Config$SystemPropertiesConfigProvider.meth,obj_level(this),_implicit_conf_-exceptions_dumb_300_-dr_timeout=5m_cuddmem=8GiB_,pc âŠ” level(this) âŠ” obj_level(this)
org.keycloak.representations.idm.PartialImportRepresentation.meth,obj_level(this),_implicit_conf_-exceptions_dumb_300_-dr_timeout=5m_cuddmem=8GiB_,pc âŠ” level(this) âŠ” obj_level(this)
org.keycloak.protocol.oidc.representations.OIDCConfigurationRepresentation.meth,obj_level(this),_implicit_conf_-exceptions_dumb_300_-dr_timeout=5m_cuddmem=8GiB_,pc âŠ” level(this) âŠ” obj_level(this)
org.keycloak.representations.adapters.config.PolicyEnforcerConfig$ScopeEnforcementMode.meth,obj_level(l1),_implicit_conf_-exceptions_dumb_300_-dr_timeout=5m_cuddmem=8GiB_,pc âŠ” level(l1) âŠ” level(l2) âŠ” level(this) âŠ” obj_level(l1) âŠ” obj_level(this)
org.keycloak.representations.adapters.config.PolicyEnforcerConfig$ScopeEnforcementMode.meth,obj_level(this),_implicit_conf_-exceptions_dumb_300_-dr_timeout=5m_cuddmem=8GiB_,pc âŠ” level(l1) âŠ” level(l2) âŠ” level(this) âŠ” obj_level(l1) âŠ” obj_level(this)
org.keycloak.representations.info.ServerInfoRepresentation.meth,obj_level(this),_implicit_conf_-exceptions_dumb_300_-dr_timeout=5m_cuddmem=8GiB_,pc âŠ” level(this) âŠ” obj_level(this)
org.keycloak.representations.idm.ClientPolicyExecutorRepresentation.meth,obj_level(this),_implicit_conf_-exceptions_dumb_300_-dr_timeout=5m_cuddmem=8GiB_,pc âŠ” level(this) âŠ” obj_level(this)
org.keycloak.protocol.oidc.client.authentication.ClientIdAndSecretCredentialsProvider.meth,obj_level(this),_implicit_conf_-exceptions_dumb_300_-dr_timeout=5m_cuddmem=8GiB_,pc âŠ” level(this) âŠ” obj_level(this)
org.keycloak.representations.oidc.OIDCClientRepresentation.meth,obj_level(this),_implicit_conf_-exceptions_dumb_300_-dr_timeout=5m_cuddmem=8GiB_,pc âŠ” level(this) âŠ” obj_level(this)
org.keycloak.representations.idm.ClientMappingsRepresentation.meth,obj_level(this),_implicit_conf_-exceptions_dumb_300_-dr_timeout=5m_cuddmem=8GiB_,pc âŠ” level(this) âŠ” obj_level(this)
org.keycloak.representations.idm.authorization.PolicyEvaluationResponse.meth,obj_level(this),_implicit_conf_-exceptions_dumb_300_-dr_timeout=5m_cuddmem=8GiB_,pc âŠ” level(this) âŠ” obj_level(this)
org.keycloak.representations.idm.EventRepresentation.meth,obj_level(this),_implicit_conf_-exceptions_dumb_300_-dr_timeout=5m_cuddmem=8GiB_,pc âŠ” level(this) âŠ” obj_level(this)
org.keycloak.representations.idm.RoleRepresentation$Composites.meth,obj_level(this),_implicit_conf_-exceptions_dumb_300_-dr_timeout=5m_cuddmem=8GiB_,pc âŠ” level(this) âŠ” obj_level(this)
org.keycloak.representations.account.LinkedAccountRepresentation.meth,obj_level(this),_implicit_conf_-exceptions_dumb_300_-dr_timeout=5m_cuddmem=8GiB_,pc âŠ” level(this) âŠ” obj_level(this)
org.keycloak.json.StringOrArraySerializer.meth,obj_level(this),_implicit_conf_-exceptions_dumb_300_-dr_timeout=5m_cuddmem=8GiB_,pc âŠ” level(this) âŠ” obj_level(this)
