org.keycloak.cluster.ClusterProvider$DCNotify.meth,obj_level(this),_implicit_conf_-exceptions_dumb_300_-dr_timeout=5m_cuddmem=8GiB_,pc ⊔ level(l1) ⊔ level(l2) ⊔ level(this) ⊔ obj_level(l1) ⊔ obj_level(this)
org.keycloak.cluster.ClusterProvider$DCNotify.meth,obj_level(l1),_implicit_conf_-exceptions_dumb_300_-dr_timeout=5m_cuddmem=8GiB_,pc ⊔ level(l1) ⊔ level(l2) ⊔ level(this) ⊔ obj_level(l1) ⊔ obj_level(this)
org.keycloak.validate.ValidatorConfig.meth,obj_level(config),_implicit_conf_-exceptions_dumb_300_-dr_timeout=5m_cuddmem=8GiB_,pc ⊔ level(config) ⊔ level(this) ⊔ obj_level(config) ⊔ obj_level(this)
org.keycloak.validate.ValidatorConfig.meth,obj_level(this),_implicit_conf_-exceptions_dumb_300_-dr_timeout=5m_cuddmem=8GiB_,pc ⊔ level(config) ⊔ level(this) ⊔ obj_level(config) ⊔ obj_level(this)
org.keycloak.validate.ValidationError.meth,obj_level(message),_implicit_conf_-exceptions_dumb_300_-dr_timeout=5m_cuddmem=8GiB_,pc ⊔ level(@messageParameters) ⊔ level(inputHint) ⊔ level(message) ⊔ level(this) ⊔ level(validatorId) ⊔ obj_level(@messageParameters) ⊔ obj_level(inputHint) ⊔ obj_level(this)
org.keycloak.validate.ValidationError.meth,obj_level(inputHint),_implicit_conf_-exceptions_dumb_300_-dr_timeout=5m_cuddmem=8GiB_,pc ⊔ level(@messageParameters) ⊔ level(inputHint) ⊔ level(message) ⊔ level(this) ⊔ level(validatorId) ⊔ obj_level(@messageParameters) ⊔ obj_level(inputHint) ⊔ obj_level(this)
org.keycloak.validate.ValidationError.meth,obj_level(validatorId),_implicit_conf_-exceptions_dumb_300_-dr_timeout=5m_cuddmem=8GiB_,pc ⊔ level(@messageParameters) ⊔ level(inputHint) ⊔ level(message) ⊔ level(this) ⊔ level(validatorId) ⊔ obj_level(@messageParameters) ⊔ obj_level(inputHint) ⊔ obj_level(this)
org.keycloak.validate.ValidationError.meth,obj_level(this),_implicit_conf_-exceptions_dumb_300_-dr_timeout=5m_cuddmem=8GiB_,pc ⊔ level(@messageParameters) ⊔ level(inputHint) ⊔ level(message) ⊔ level(this) ⊔ level(validatorId) ⊔ obj_level(@messageParameters) ⊔ obj_level(inputHint) ⊔ obj_level(this)
org.keycloak.validate.ValidationError.meth,obj_level(@messageParameters),_implicit_conf_-exceptions_dumb_300_-dr_timeout=5m_cuddmem=8GiB_,pc ⊔ level(@messageParameters) ⊔ level(inputHint) ⊔ level(message) ⊔ level(this) ⊔ level(validatorId) ⊔ obj_level(@messageParameters) ⊔ obj_level(inputHint) ⊔ obj_level(this)
org.keycloak.crypto.ContentEncryptionSpi.meth,obj_level(this),_implicit_conf_-exceptions_dumb_300_-dr_timeout=5m_cuddmem=8GiB_,pc ⊔ level(this) ⊔ obj_level(this)
org.keycloak.crypto.CekManagementSpi.meth,obj_level(this),_implicit_conf_-exceptions_dumb_300_-dr_timeout=5m_cuddmem=8GiB_,pc ⊔ level(this) ⊔ obj_level(this)
org.keycloak.credential.CredentialSpi.meth,obj_level(this),_implicit_conf_-exceptions_dumb_300_-dr_timeout=5m_cuddmem=8GiB_,pc ⊔ level(this) ⊔ obj_level(this)
org.keycloak.credential.hash.PasswordHashSpi.meth,obj_level(this),_implicit_conf_-exceptions_dumb_300_-dr_timeout=5m_cuddmem=8GiB_,pc ⊔ level(this) ⊔ obj_level(this)
org.keycloak.truststore.TruststoreSpi.meth,obj_level(this),_implicit_conf_-exceptions_dumb_300_-dr_timeout=5m_cuddmem=8GiB_,pc ⊔ level(this) ⊔ obj_level(this)
org.keycloak.credential.hash.Pbkdf2Sha256PasswordHashProviderFactory.meth,obj_level(this),_implicit_conf_-exceptions_dumb_300_-dr_timeout=5m_cuddmem=8GiB_,pc ⊔ level(this) ⊔ obj_level(this)
org.keycloak.transaction.TransactionManagerLookupSpi.meth,obj_level(this),_implicit_conf_-exceptions_dumb_300_-dr_timeout=5m_cuddmem=8GiB_,pc ⊔ level(this) ⊔ obj_level(this)
org.keycloak.cluster.ExecutionResult.meth,obj_level(result),_implicit_conf_-exceptions_dumb_300_-dr_timeout=5m_cuddmem=8GiB_,pc ⊔ level(executed) ⊔ level(result) ⊔ level(this) ⊔ obj_level(result)
org.keycloak.cluster.ExecutionResult.meth,obj_level(this),_implicit_conf_-exceptions_dumb_300_-dr_timeout=5m_cuddmem=8GiB_,pc ⊔ level(executed) ⊔ level(result) ⊔ level(this) ⊔ obj_level(result)
org.keycloak.credential.hash.AbstractPbkdf2PasswordHashProviderFactory.meth,obj_level(this),_implicit_conf_-exceptions_dumb_300_-dr_timeout=5m_cuddmem=8GiB_,pc ⊔ level(this) ⊔ obj_level(this)
org.keycloak.validate.ValidatorConfig$ValidatorConfigBuilder.meth,obj_level(this),_implicit_conf_-exceptions_dumb_300_-dr_timeout=5m_cuddmem=8GiB_,pc ⊔ level(this) ⊔ obj_level(this)
org.keycloak.crypto.HashSpi.meth,obj_level(this),_implicit_conf_-exceptions_dumb_300_-dr_timeout=5m_cuddmem=8GiB_,pc ⊔ level(this) ⊔ obj_level(this)
org.keycloak.crypto.ClientSignatureVerifierSpi.meth,obj_level(this),_implicit_conf_-exceptions_dumb_300_-dr_timeout=5m_cuddmem=8GiB_,pc ⊔ level(this) ⊔ obj_level(this)
org.keycloak.credential.hash.Pbkdf2PasswordHashProviderFactory.meth,obj_level(this),_implicit_conf_-exceptions_dumb_300_-dr_timeout=5m_cuddmem=8GiB_,pc ⊔ level(this) ⊔ obj_level(this)
org.keycloak.truststore.HostnameVerificationPolicy.meth,obj_level(this),_implicit_conf_-exceptions_dumb_300_-dr_timeout=5m_cuddmem=8GiB_,pc ⊔ level(l1) ⊔ level(l2) ⊔ level(this) ⊔ obj_level(l1) ⊔ obj_level(this)
org.keycloak.truststore.HostnameVerificationPolicy.meth,obj_level(l1),_implicit_conf_-exceptions_dumb_300_-dr_timeout=5m_cuddmem=8GiB_,pc ⊔ level(l1) ⊔ level(l2) ⊔ level(this) ⊔ obj_level(l1) ⊔ obj_level(this)
org.keycloak.credential.hash.Pbkdf2Sha512PasswordHashProviderFactory.meth,obj_level(this),_implicit_conf_-exceptions_dumb_300_-dr_timeout=5m_cuddmem=8GiB_,pc ⊔ level(this) ⊔ obj_level(this)
org.keycloak.crypto.SignatureSpi.meth,obj_level(this),_implicit_conf_-exceptions_dumb_300_-dr_timeout=5m_cuddmem=8GiB_,pc ⊔ level(this) ⊔ obj_level(this)
