org.keycloak.common.util.BouncyIntegration.meth,obj_level(this),_implicit_conf_-exceptions_dumb_300_-dr_timeout=5m_cuddmem=8GiB_,pc ⊔ level(this) ⊔ obj_level(this)
org.keycloak.common.VerificationException.meth,obj_level(this),_implicit_conf_-exceptions_dumb_300_-dr_timeout=5m_cuddmem=8GiB_,pc ⊔ level(this) ⊔ obj_level(this)
org.keycloak.common.crypto.FipsMode.meth,obj_level(this),_implicit_conf_-exceptions_dumb_300_-dr_timeout=5m_cuddmem=8GiB_,pc ⊔ level(@l1) ⊔ level(l2) ⊔ level(providerClassName) ⊔ level(this) ⊔ obj_level(@l1) ⊔ obj_level(this)
org.keycloak.common.crypto.FipsMode.meth,obj_level(@l1),_implicit_conf_-exceptions_dumb_300_-dr_timeout=5m_cuddmem=8GiB_,pc ⊔ level(@l1) ⊔ level(l2) ⊔ level(providerClassName) ⊔ level(this) ⊔ obj_level(@l1) ⊔ obj_level(this)
org.keycloak.common.crypto.FipsMode.meth,obj_level(providerClassName),_implicit_conf_-exceptions_dumb_300_-dr_timeout=5m_cuddmem=8GiB_,pc ⊔ level(@l1) ⊔ level(l2) ⊔ level(providerClassName) ⊔ level(this) ⊔ obj_level(@l1) ⊔ obj_level(this)
org.keycloak.common.crypto.UserIdentityExtractorProvider$SubjectAltNameExtractor.meth,obj_level(this$0),_implicit_conf_-exceptions_dumb_300_-dr_timeout=5m_cuddmem=8GiB_,pc ⊔ level(this) ⊔ level(this$0) ⊔ obj_level(this) ⊔ obj_level(this$0)
org.keycloak.common.crypto.UserIdentityExtractorProvider$SubjectAltNameExtractor.meth,obj_level(this),_implicit_conf_-exceptions_dumb_300_-dr_timeout=5m_cuddmem=8GiB_,pc ⊔ level(this) ⊔ level(this$0) ⊔ obj_level(this) ⊔ obj_level(this$0)
org.keycloak.common.util.reflections.Types$2.meth,obj_level(this),_implicit_conf_-exceptions_dumb_300_-dr_timeout=5m_cuddmem=8GiB_,pc ⊔ level(l1) ⊔ level(this) ⊔ obj_level(l1)
org.keycloak.common.util.reflections.Types$2.meth,obj_level(l1),_implicit_conf_-exceptions_dumb_300_-dr_timeout=5m_cuddmem=8GiB_,pc ⊔ level(l1) ⊔ level(this) ⊔ obj_level(l1)
org.keycloak.common.util.KerberosJdkProvider$SunJDKProvider.meth,obj_level(this),_implicit_conf_-exceptions_dumb_300_-dr_timeout=5m_cuddmem=8GiB_,pc ⊔ level(this) ⊔ obj_level(this)
org.keycloak.common.util.DelegatingSerializationFilter.meth,obj_level(this),_implicit_conf_-exceptions_dumb_300_-dr_timeout=5m_cuddmem=8GiB_,pc ⊔ level(this) ⊔ obj_level(this)
org.keycloak.common.util.StringSerialization$DeSerializerFunction.meth,obj_level(this),_implicit_conf_-exceptions_dumb_300_-dr_timeout=5m_cuddmem=8GiB_,pc ⊔ level(l1) ⊔ level(l2) ⊔ level(this) ⊔ obj_level(l1) ⊔ obj_level(this)
org.keycloak.common.util.StringSerialization$DeSerializerFunction.meth,obj_level(l1),_implicit_conf_-exceptions_dumb_300_-dr_timeout=5m_cuddmem=8GiB_,pc ⊔ level(l1) ⊔ level(l2) ⊔ level(this) ⊔ obj_level(l1) ⊔ obj_level(this)
org.keycloak.common.util.StringSerialization$Deserializer.meth,obj_level(this),_implicit_conf_-exceptions_dumb_300_-dr_timeout=5m_cuddmem=8GiB_,pc ⊔ level(this) ⊔ level(what) ⊔ obj_level(this) ⊔ obj_level(what)
org.keycloak.common.util.StringSerialization$Deserializer.meth,obj_level(what),_implicit_conf_-exceptions_dumb_300_-dr_timeout=5m_cuddmem=8GiB_,pc ⊔ level(this) ⊔ level(what) ⊔ obj_level(this) ⊔ obj_level(what)
org.keycloak.common.constants.KerberosConstants.meth,obj_level(this),_implicit_conf_-exceptions_dumb_300_-dr_timeout=5m_cuddmem=8GiB_,pc ⊔ level(this) ⊔ obj_level(this)
org.keycloak.common.crypto.CryptoIntegration.meth,obj_level(this),_implicit_conf_-exceptions_dumb_300_-dr_timeout=5m_cuddmem=8GiB_,pc ⊔ level(this) ⊔ obj_level(this)
org.keycloak.common.util.KeystoreUtil$KeystoreFormat.meth,obj_level(l1),_implicit_conf_-exceptions_dumb_300_-dr_timeout=5m_cuddmem=8GiB_,pc ⊔ level(l1) ⊔ level(l2) ⊔ level(this) ⊔ obj_level(l1) ⊔ obj_level(this)
org.keycloak.common.util.KeystoreUtil$KeystoreFormat.meth,obj_level(extension),_implicit_conf_-exceptions_dumb_300_-dr_timeout=5m_cuddmem=8GiB_,pc ⊔ level(l1) ⊔ level(l2) ⊔ level(this) ⊔ obj_level(l1) ⊔ obj_level(this)
org.keycloak.common.util.KeystoreUtil$KeystoreFormat.meth,obj_level(this),_implicit_conf_-exceptions_dumb_300_-dr_timeout=5m_cuddmem=8GiB_,pc ⊔ level(extension) ⊔ level(l1) ⊔ level(l2) ⊔ level(this) ⊔ obj_level(l1) ⊔ obj_level(this)
org.keycloak.common.util.ConcurrentMultivaluedHashMap.meth,obj_level(this),_implicit_conf_-exceptions_dumb_300_-dr_timeout=5m_cuddmem=8GiB_,pc ⊔ level(this) ⊔ obj_level(this)
org.keycloak.common.profile.ProfileException.meth,obj_level(this),_implicit_conf_-exceptions_dumb_300_-dr_timeout=5m_cuddmem=8GiB_,pc ⊔ level(cause) ⊔ level(message) ⊔ level(this) ⊔ obj_level(cause) ⊔ obj_level(message)
org.keycloak.common.profile.ProfileException.meth,obj_level(cause),_implicit_conf_-exceptions_dumb_300_-dr_timeout=5m_cuddmem=8GiB_,pc ⊔ level(cause) ⊔ level(message) ⊔ level(this) ⊔ obj_level(cause) ⊔ obj_level(message)
org.keycloak.common.crypto.CryptoConstants.meth,obj_level(this),_implicit_conf_-exceptions_dumb_300_-dr_timeout=5m_cuddmem=8GiB_,pc ⊔ level(this) ⊔ obj_level(this)
org.keycloak.common.profile.PropertiesProfileConfigResolver.meth,obj_level(this),_implicit_conf_-exceptions_dumb_300_-dr_timeout=5m_cuddmem=8GiB_,pc ⊔ level(properties) ⊔ level(this) ⊔ obj_level(properties) ⊔ obj_level(this)
org.keycloak.common.profile.PropertiesProfileConfigResolver.meth,obj_level(properties),_implicit_conf_-exceptions_dumb_300_-dr_timeout=5m_cuddmem=8GiB_,pc ⊔ level(properties) ⊔ level(this) ⊔ obj_level(properties) ⊔ obj_level(this)
org.keycloak.common.util.Base64.meth,obj_level(this),_implicit_conf_-exceptions_dumb_300_-dr_timeout=5m_cuddmem=8GiB_,pc ⊔ level(this) ⊔ obj_level(this)
org.keycloak.common.util.NetworkUtils.meth,obj_level(this),_implicit_conf_-exceptions_dumb_300_-dr_timeout=5m_cuddmem=8GiB_,pc ⊔ level(this) ⊔ obj_level(this)
org.keycloak.common.util.ServerCookie$SameSiteAttributeValue.meth,obj_level(l1),_implicit_conf_-exceptions_dumb_300_-dr_timeout=5m_cuddmem=8GiB_,pc ⊔ level(l1) ⊔ level(l2) ⊔ level(this) ⊔ obj_level(l1) ⊔ obj_level(this)
org.keycloak.common.util.ServerCookie$SameSiteAttributeValue.meth,obj_level(specValue),_implicit_conf_-exceptions_dumb_300_-dr_timeout=5m_cuddmem=8GiB_,pc ⊔ level(l1) ⊔ level(l2) ⊔ level(this) ⊔ obj_level(specValue) ⊔ obj_level(this)
org.keycloak.common.util.ServerCookie$SameSiteAttributeValue.meth,obj_level(this),_implicit_conf_-exceptions_dumb_300_-dr_timeout=5m_cuddmem=8GiB_,pc ⊔ level(l1) ⊔ level(l2) ⊔ level(specValue) ⊔ level(this) ⊔ obj_level(specValue) ⊔ obj_level(this)
org.keycloak.common.profile.CommaSeparatedListProfileConfigResolver.meth,obj_level(enabledFeatures),_implicit_conf_-exceptions_dumb_300_-dr_timeout=5m_cuddmem=8GiB_,pc ⊔ level(disabledFeatures) ⊔ level(enabledFeatures) ⊔ level(this) ⊔ obj_level(disabledFeatures) ⊔ obj_level(this)
org.keycloak.common.profile.CommaSeparatedListProfileConfigResolver.meth,obj_level(this),_implicit_conf_-exceptions_dumb_300_-dr_timeout=5m_cuddmem=8GiB_,pc ⊔ level(disabledFeatures) ⊔ level(enabledFeatures) ⊔ level(this) ⊔ obj_level(disabledFeatures) ⊔ obj_level(this)
org.keycloak.common.profile.CommaSeparatedListProfileConfigResolver.meth,obj_level(disabledFeatures),_implicit_conf_-exceptions_dumb_300_-dr_timeout=5m_cuddmem=8GiB_,pc ⊔ level(disabledFeatures) ⊔ level(enabledFeatures) ⊔ level(this) ⊔ obj_level(disabledFeatures) ⊔ obj_level(this)
org.keycloak.common.util.CertificateUtils.meth,obj_level(this),_implicit_conf_-exceptions_dumb_300_-dr_timeout=5m_cuddmem=8GiB_,pc ⊔ level(this) ⊔ obj_level(this)
org.keycloak.common.util.PathHelper.meth,obj_level(this),_implicit_conf_-exceptions_dumb_300_-dr_timeout=5m_cuddmem=8GiB_,pc ⊔ level(this) ⊔ obj_level(this)
org.keycloak.common.util.KerberosSerializationUtils.meth,obj_level(this),_implicit_conf_-exceptions_dumb_300_-dr_timeout=5m_cuddmem=8GiB_,pc ⊔ level(this) ⊔ obj_level(this)
org.keycloak.common.util.KeyUtils.meth,obj_level(this),_implicit_conf_-exceptions_dumb_300_-dr_timeout=5m_cuddmem=8GiB_,pc ⊔ level(this) ⊔ obj_level(this)
org.keycloak.common.util.reflections.Types$1.meth,obj_level(l2),_implicit_conf_-exceptions_dumb_300_-dr_timeout=5m_cuddmem=8GiB_,pc ⊔ level(l1) ⊔ level(l2) ⊔ level(this) ⊔ obj_level(l1) ⊔ obj_level(l2)
org.keycloak.common.util.reflections.Types$1.meth,obj_level(this),_implicit_conf_-exceptions_dumb_300_-dr_timeout=5m_cuddmem=8GiB_,pc ⊔ level(l1) ⊔ level(l2) ⊔ level(this) ⊔ obj_level(l1) ⊔ obj_level(l2)
org.keycloak.common.util.reflections.Types$1.meth,obj_level(l1),_implicit_conf_-exceptions_dumb_300_-dr_timeout=5m_cuddmem=8GiB_,pc ⊔ level(l1) ⊔ level(l2) ⊔ level(this) ⊔ obj_level(l1) ⊔ obj_level(l2)
org.keycloak.common.profile.PropertiesFileProfileConfigResolver.meth,obj_level(this),_implicit_conf_-exceptions_dumb_300_-dr_timeout=5m_cuddmem=8GiB_,pc ⊔ level(this) ⊔ obj_level(this)
org.keycloak.common.util.SecretGenerator$1.meth,obj_level(this$0),_implicit_conf_-exceptions_dumb_300_-dr_timeout=5m_cuddmem=8GiB_,pc ⊔ level(this) ⊔ level(this$0) ⊔ obj_level(this) ⊔ obj_level(this$0)
org.keycloak.common.util.SecretGenerator$1.meth,obj_level(this),_implicit_conf_-exceptions_dumb_300_-dr_timeout=5m_cuddmem=8GiB_,pc ⊔ level(this) ⊔ level(this$0) ⊔ obj_level(this) ⊔ obj_level(this$0)
org.keycloak.common.Profile$ProfileName.meth,obj_level(l1),_implicit_conf_-exceptions_dumb_300_-dr_timeout=5m_cuddmem=8GiB_,pc ⊔ level(l1) ⊔ level(l2) ⊔ level(this) ⊔ obj_level(l1) ⊔ obj_level(this)
org.keycloak.common.Profile$ProfileName.meth,obj_level(this),_implicit_conf_-exceptions_dumb_300_-dr_timeout=5m_cuddmem=8GiB_,pc ⊔ level(l1) ⊔ level(l2) ⊔ level(this) ⊔ obj_level(l1) ⊔ obj_level(this)
org.keycloak.common.crypto.UserIdentityExtractorProvider$1.meth,obj_level(this),_implicit_conf_-exceptions_dumb_300_-dr_timeout=5m_cuddmem=8GiB_,pc ⊔ level(this) ⊔ level(this$0) ⊔ obj_level(this) ⊔ obj_level(this$0)
org.keycloak.common.crypto.UserIdentityExtractorProvider$1.meth,obj_level(this$0),_implicit_conf_-exceptions_dumb_300_-dr_timeout=5m_cuddmem=8GiB_,pc ⊔ level(this) ⊔ level(this$0) ⊔ obj_level(this) ⊔ obj_level(this$0)
org.keycloak.common.util.StackUtil.meth,obj_level(this),_implicit_conf_-exceptions_dumb_300_-dr_timeout=5m_cuddmem=8GiB_,pc ⊔ level(this) ⊔ obj_level(this)
org.keycloak.common.util.KerberosJdkProvider$SunJDKProvider$2.meth,obj_level(this$0),_implicit_conf_-exceptions_dumb_300_-dr_timeout=5m_cuddmem=8GiB_,pc ⊔ level(l2) ⊔ level(this) ⊔ level(this$0) ⊔ obj_level(this) ⊔ obj_level(this$0)
org.keycloak.common.util.KerberosJdkProvider$SunJDKProvider$2.meth,obj_level(this),_implicit_conf_-exceptions_dumb_300_-dr_timeout=5m_cuddmem=8GiB_,pc ⊔ level(l2) ⊔ level(this) ⊔ level(this$0) ⊔ obj_level(this) ⊔ obj_level(this$0)
org.keycloak.common.util.StringPropertyReplacer.meth,obj_level(this),_implicit_conf_-exceptions_dumb_300_-dr_timeout=5m_cuddmem=8GiB_,pc ⊔ level(this) ⊔ obj_level(this)
org.keycloak.common.util.reflections.Types.meth,obj_level(this),_implicit_conf_-exceptions_dumb_300_-dr_timeout=5m_cuddmem=8GiB_,pc ⊔ level(this) ⊔ obj_level(this)
org.keycloak.common.util.KerberosJdkProvider$1.meth,obj_level(this$0),_implicit_conf_-exceptions_dumb_300_-dr_timeout=5m_cuddmem=8GiB_,pc ⊔ level(l2) ⊔ level(l3) ⊔ level(l4) ⊔ level(l5) ⊔ level(this) ⊔ level(this$0) ⊔ obj_level(l2) ⊔ obj_level(l3) ⊔ obj_level(this) ⊔ obj_level(this$0)
org.keycloak.common.util.KerberosJdkProvider$1.meth,obj_level(l3),_implicit_conf_-exceptions_dumb_300_-dr_timeout=5m_cuddmem=8GiB_,pc ⊔ level(l2) ⊔ level(l3) ⊔ level(l4) ⊔ level(l5) ⊔ level(this) ⊔ level(this$0) ⊔ obj_level(l2) ⊔ obj_level(l3) ⊔ obj_level(this) ⊔ obj_level(this$0)
org.keycloak.common.util.KerberosJdkProvider$1.meth,obj_level(l2),_implicit_conf_-exceptions_dumb_300_-dr_timeout=5m_cuddmem=8GiB_,pc ⊔ level(l2) ⊔ level(l3) ⊔ level(l4) ⊔ level(l5) ⊔ level(this) ⊔ level(this$0) ⊔ obj_level(l2) ⊔ obj_level(l3) ⊔ obj_level(this) ⊔ obj_level(this$0)
org.keycloak.common.util.KerberosJdkProvider$1.meth,obj_level(this),_implicit_conf_-exceptions_dumb_300_-dr_timeout=5m_cuddmem=8GiB_,pc ⊔ level(l2) ⊔ level(l3) ⊔ level(l4) ⊔ level(l5) ⊔ level(this) ⊔ level(this$0) ⊔ obj_level(l2) ⊔ obj_level(l3) ⊔ obj_level(this) ⊔ obj_level(this$0)
org.keycloak.common.util.DelegatingSerializationFilter$FilterPatternBuilder.meth,obj_level(this),_implicit_conf_-exceptions_dumb_300_-dr_timeout=5m_cuddmem=8GiB_,pc ⊔ level(this) ⊔ obj_level(this)
org.keycloak.common.util.reflections.SetAccessiblePrivilegedAction.meth,obj_level(member),_implicit_conf_-exceptions_dumb_300_-dr_timeout=5m_cuddmem=8GiB_,pc ⊔ level(member) ⊔ level(this) ⊔ obj_level(member) ⊔ obj_level(this)
org.keycloak.common.util.reflections.SetAccessiblePrivilegedAction.meth,obj_level(this),_implicit_conf_-exceptions_dumb_300_-dr_timeout=5m_cuddmem=8GiB_,pc ⊔ level(member) ⊔ level(this) ⊔ obj_level(member) ⊔ obj_level(this)
org.keycloak.common.util.EnvUtil.meth,obj_level(this),_implicit_conf_-exceptions_dumb_300_-dr_timeout=5m_cuddmem=8GiB_,pc ⊔ level(this) ⊔ obj_level(this)
org.keycloak.common.util.Retry.meth,obj_level(this),_implicit_conf_-exceptions_dumb_300_-dr_timeout=5m_cuddmem=8GiB_,pc ⊔ level(this) ⊔ obj_level(this)
org.keycloak.common.util.Environment.meth,obj_level(this),_implicit_conf_-exceptions_dumb_300_-dr_timeout=5m_cuddmem=8GiB_,pc ⊔ level(this) ⊔ obj_level(this)
org.keycloak.common.constants.GenericConstants.meth,obj_level(this),_implicit_conf_-exceptions_dumb_300_-dr_timeout=5m_cuddmem=8GiB_,pc ⊔ level(this) ⊔ obj_level(this)
org.keycloak.common.util.DelegatingSerializationFilter$EmptyFilterAdapter.meth,obj_level(this),_implicit_conf_-exceptions_dumb_300_-dr_timeout=5m_cuddmem=8GiB_,pc ⊔ level(this) ⊔ obj_level(this)
org.keycloak.common.crypto.UserIdentityExtractorProvider$OrBuilder.meth,obj_level(this$0),_implicit_conf_-exceptions_dumb_300_-dr_timeout=5m_cuddmem=8GiB_,pc ⊔ level(this) ⊔ level(this$0) ⊔ obj_level(this) ⊔ obj_level(this$0)
org.keycloak.common.crypto.UserIdentityExtractorProvider$OrBuilder.meth,obj_level(extractor),_implicit_conf_-exceptions_dumb_300_-dr_timeout=5m_cuddmem=8GiB_,pc ⊔ level(this) ⊔ level(this$0) ⊔ obj_level(extractor) ⊔ obj_level(this) ⊔ obj_level(this$0)
org.keycloak.common.crypto.UserIdentityExtractorProvider$OrBuilder.meth,obj_level(this),_implicit_conf_-exceptions_dumb_300_-dr_timeout=5m_cuddmem=8GiB_,pc ⊔ level(extractor) ⊔ level(this) ⊔ level(this$0) ⊔ obj_level(extractor) ⊔ obj_level(this) ⊔ obj_level(this$0)
org.keycloak.common.util.KerberosJdkProvider$IBMJDKProvider$2.meth,obj_level(this),_implicit_conf_-exceptions_dumb_300_-dr_timeout=5m_cuddmem=8GiB_,pc ⊔ level(l2) ⊔ level(this) ⊔ level(this$0) ⊔ obj_level(this) ⊔ obj_level(this$0)
org.keycloak.common.util.KerberosJdkProvider$IBMJDKProvider$2.meth,obj_level(this$0),_implicit_conf_-exceptions_dumb_300_-dr_timeout=5m_cuddmem=8GiB_,pc ⊔ level(l2) ⊔ level(this) ⊔ level(this$0) ⊔ obj_level(this) ⊔ obj_level(this$0)
org.keycloak.common.util.Encode.meth,obj_level(this),_implicit_conf_-exceptions_dumb_300_-dr_timeout=5m_cuddmem=8GiB_,pc ⊔ level(this) ⊔ obj_level(this)
org.keycloak.common.util.StringPropertyReplacer$1.meth,obj_level(l1),_implicit_conf_-exceptions_dumb_300_-dr_timeout=5m_cuddmem=8GiB_,pc ⊔ level(l1) ⊔ level(this) ⊔ obj_level(l1) ⊔ obj_level(this)
org.keycloak.common.util.StringPropertyReplacer$1.meth,obj_level(this),_implicit_conf_-exceptions_dumb_300_-dr_timeout=5m_cuddmem=8GiB_,pc ⊔ level(l1) ⊔ level(this) ⊔ obj_level(l1) ⊔ obj_level(this)
org.keycloak.common.util.HostUtils.meth,obj_level(this),_implicit_conf_-exceptions_dumb_300_-dr_timeout=5m_cuddmem=8GiB_,pc ⊔ level(this) ⊔ obj_level(this)
org.keycloak.common.util.reflections.UnSetAccessiblePrivilegedAction.meth,obj_level(member),_implicit_conf_-exceptions_dumb_300_-dr_timeout=5m_cuddmem=8GiB_,pc ⊔ level(member) ⊔ level(this) ⊔ obj_level(member) ⊔ obj_level(this)
org.keycloak.common.util.reflections.UnSetAccessiblePrivilegedAction.meth,obj_level(this),_implicit_conf_-exceptions_dumb_300_-dr_timeout=5m_cuddmem=8GiB_,pc ⊔ level(member) ⊔ level(this) ⊔ obj_level(member) ⊔ obj_level(this)
org.keycloak.common.util.KerberosJdkProvider$SunJDKProvider$1.meth,obj_level(this),_implicit_conf_-exceptions_dumb_300_-dr_timeout=5m_cuddmem=8GiB_,pc ⊔ level(l2) ⊔ level(l3) ⊔ level(l4) ⊔ level(this) ⊔ level(this$0) ⊔ obj_level(l2) ⊔ obj_level(this) ⊔ obj_level(this$0)
org.keycloak.common.util.KerberosJdkProvider$SunJDKProvider$1.meth,obj_level(l2),_implicit_conf_-exceptions_dumb_300_-dr_timeout=5m_cuddmem=8GiB_,pc ⊔ level(l2) ⊔ level(l3) ⊔ level(l4) ⊔ level(this) ⊔ level(this$0) ⊔ obj_level(l2) ⊔ obj_level(this) ⊔ obj_level(this$0)
org.keycloak.common.util.KerberosJdkProvider$SunJDKProvider$1.meth,obj_level(l3),_implicit_conf_-exceptions_dumb_300_-dr_timeout=5m_cuddmem=8GiB_,pc ⊔ level(l2) ⊔ level(l3) ⊔ level(l4) ⊔ level(this) ⊔ level(this$0) ⊔ obj_level(l2) ⊔ obj_level(this) ⊔ obj_level(this$0)
org.keycloak.common.util.KerberosJdkProvider$SunJDKProvider$1.meth,obj_level(this$0),_implicit_conf_-exceptions_dumb_300_-dr_timeout=5m_cuddmem=8GiB_,pc ⊔ level(l2) ⊔ level(l3) ⊔ level(l4) ⊔ level(this) ⊔ level(this$0) ⊔ obj_level(l2) ⊔ obj_level(this) ⊔ obj_level(this$0)
org.keycloak.common.profile.ProfileConfigResolver$FeatureConfig.meth,obj_level(this),_implicit_conf_-exceptions_dumb_300_-dr_timeout=5m_cuddmem=8GiB_,pc ⊔ level(l1) ⊔ level(l2) ⊔ level(this) ⊔ obj_level(l1) ⊔ obj_level(this)
org.keycloak.common.profile.ProfileConfigResolver$FeatureConfig.meth,obj_level(l1),_implicit_conf_-exceptions_dumb_300_-dr_timeout=5m_cuddmem=8GiB_,pc ⊔ level(l1) ⊔ level(l2) ⊔ level(this) ⊔ obj_level(l1) ⊔ obj_level(this)
org.keycloak.common.util.MultivaluedHashMap.meth,obj_level(this),_implicit_conf_-exceptions_dumb_300_-dr_timeout=5m_cuddmem=8GiB_,pc ⊔ level(this) ⊔ obj_level(this)
org.keycloak.common.Version.meth,obj_level(this),_implicit_conf_-exceptions_dumb_300_-dr_timeout=5m_cuddmem=8GiB_,pc ⊔ level(this) ⊔ obj_level(this)
org.keycloak.common.util.StackUtil$1.meth,obj_level(l1),_implicit_conf_-exceptions_dumb_300_-dr_timeout=5m_cuddmem=8GiB_,pc ⊔ level(l1) ⊔ level(this) ⊔ obj_level(l1) ⊔ obj_level(this)
org.keycloak.common.util.StackUtil$1.meth,obj_level(this),_implicit_conf_-exceptions_dumb_300_-dr_timeout=5m_cuddmem=8GiB_,pc ⊔ level(l1) ⊔ level(this) ⊔ obj_level(l1) ⊔ obj_level(this)
org.keycloak.common.util.DerUtils.meth,obj_level(this),_implicit_conf_-exceptions_dumb_300_-dr_timeout=5m_cuddmem=8GiB_,pc ⊔ level(this) ⊔ obj_level(this)
org.keycloak.common.util.KeystoreUtil.meth,obj_level(this),_implicit_conf_-exceptions_dumb_300_-dr_timeout=5m_cuddmem=8GiB_,pc ⊔ level(this) ⊔ obj_level(this)
org.keycloak.common.enums.RelativeUrlsUsed.meth,obj_level(l1),_implicit_conf_-exceptions_dumb_300_-dr_timeout=5m_cuddmem=8GiB_,pc ⊔ level(l1) ⊔ level(l2) ⊔ level(this) ⊔ obj_level(l1) ⊔ obj_level(this)
org.keycloak.common.enums.RelativeUrlsUsed.meth,obj_level(this),_implicit_conf_-exceptions_dumb_300_-dr_timeout=5m_cuddmem=8GiB_,pc ⊔ level(l1) ⊔ level(l2) ⊔ level(this) ⊔ obj_level(l1) ⊔ obj_level(this)
org.keycloak.common.util.PemException.meth,obj_level(this),_implicit_conf_-exceptions_dumb_300_-dr_timeout=5m_cuddmem=8GiB_,pc ⊔ level(cause) ⊔ level(this) ⊔ obj_level(cause)
org.keycloak.common.util.PemException.meth,obj_level(cause),_implicit_conf_-exceptions_dumb_300_-dr_timeout=5m_cuddmem=8GiB_,pc ⊔ level(cause) ⊔ level(this) ⊔ obj_level(cause)
org.keycloak.common.util.ServerCookie.meth,obj_level(this),_implicit_conf_-exceptions_dumb_300_-dr_timeout=5m_cuddmem=8GiB_,pc ⊔ level(this) ⊔ obj_level(this)
org.keycloak.common.crypto.UserIdentityExtractorProvider$OrExtractor.meth,obj_level(@extractor),_implicit_conf_-exceptions_dumb_300_-dr_timeout=5m_cuddmem=8GiB_,pc ⊔ level(@extractor) ⊔ level(other) ⊔ level(this) ⊔ level(this$0) ⊔ obj_level(@extractor) ⊔ obj_level(this$0)
org.keycloak.common.crypto.UserIdentityExtractorProvider$OrExtractor.meth,obj_level(this),_implicit_conf_-exceptions_dumb_300_-dr_timeout=5m_cuddmem=8GiB_,pc ⊔ level(@extractor) ⊔ level(other) ⊔ level(this) ⊔ level(this$0) ⊔ obj_level(@extractor) ⊔ obj_level(this$0)
org.keycloak.common.crypto.UserIdentityExtractorProvider$OrExtractor.meth,obj_level(this$0),_implicit_conf_-exceptions_dumb_300_-dr_timeout=5m_cuddmem=8GiB_,pc ⊔ level(this) ⊔ level(this$0) ⊔ obj_level(this) ⊔ obj_level(this$0)
org.keycloak.common.crypto.UserIdentityExtractorProvider$OrExtractor.meth,obj_level(other),_implicit_conf_-exceptions_dumb_300_-dr_timeout=5m_cuddmem=8GiB_,pc ⊔ level(@extractor) ⊔ level(other) ⊔ level(this) ⊔ level(this$0) ⊔ obj_level(@extractor) ⊔ obj_level(this$0)
org.keycloak.common.util.MimeTypeUtil.meth,obj_level(this),_implicit_conf_-exceptions_dumb_300_-dr_timeout=5m_cuddmem=8GiB_,pc ⊔ level(this) ⊔ obj_level(this)
org.keycloak.common.util.DelegatingSerializationFilter$OnJavaAfter8.meth,obj_level(setObjectInputFilterMethod),_implicit_conf_-exceptions_dumb_300_-dr_timeout=5m_cuddmem=8GiB_,pc ⊔ level(createFilterMethod) ⊔ level(getObjectInputFilterMethod) ⊔ level(setObjectInputFilterMethod) ⊔ level(this) ⊔ obj_level(createFilterMethod) ⊔ obj_level(this)
org.keycloak.common.util.DelegatingSerializationFilter$OnJavaAfter8.meth,obj_level(getObjectInputFilterMethod),_implicit_conf_-exceptions_dumb_300_-dr_timeout=5m_cuddmem=8GiB_,pc ⊔ level(createFilterMethod) ⊔ level(getObjectInputFilterMethod) ⊔ level(setObjectInputFilterMethod) ⊔ level(this) ⊔ obj_level(createFilterMethod) ⊔ obj_level(this)
org.keycloak.common.util.DelegatingSerializationFilter$OnJavaAfter8.meth,obj_level(createFilterMethod),_implicit_conf_-exceptions_dumb_300_-dr_timeout=5m_cuddmem=8GiB_,pc ⊔ level(createFilterMethod) ⊔ level(getObjectInputFilterMethod) ⊔ level(setObjectInputFilterMethod) ⊔ level(this) ⊔ obj_level(createFilterMethod) ⊔ obj_level(this)
org.keycloak.common.util.DelegatingSerializationFilter$OnJavaAfter8.meth,obj_level(this),_implicit_conf_-exceptions_dumb_300_-dr_timeout=5m_cuddmem=8GiB_,pc ⊔ level(createFilterMethod) ⊔ level(getObjectInputFilterMethod) ⊔ level(setObjectInputFilterMethod) ⊔ level(this) ⊔ obj_level(createFilterMethod) ⊔ obj_level(this)
org.keycloak.common.util.KerberosJdkProvider.meth,obj_level(this),_implicit_conf_-exceptions_dumb_300_-dr_timeout=5m_cuddmem=8GiB_,pc ⊔ level(this) ⊔ obj_level(this)
org.keycloak.common.util.ObjectUtil.meth,obj_level(this),_implicit_conf_-exceptions_dumb_300_-dr_timeout=5m_cuddmem=8GiB_,pc ⊔ level(this) ⊔ obj_level(this)
org.keycloak.common.util.HttpPostRedirect.meth,obj_level(this),_implicit_conf_-exceptions_dumb_300_-dr_timeout=5m_cuddmem=8GiB_,pc ⊔ level(this) ⊔ obj_level(this)
org.keycloak.common.util.StringSerialization.meth,obj_level(this),_implicit_conf_-exceptions_dumb_300_-dr_timeout=5m_cuddmem=8GiB_,pc ⊔ level(this) ⊔ obj_level(this)
org.keycloak.common.util.Time.meth,obj_level(this),_implicit_conf_-exceptions_dumb_300_-dr_timeout=5m_cuddmem=8GiB_,pc ⊔ level(this) ⊔ obj_level(this)
org.keycloak.common.util.Base64Url.meth,obj_level(this),_implicit_conf_-exceptions_dumb_300_-dr_timeout=5m_cuddmem=8GiB_,pc ⊔ level(this) ⊔ obj_level(this)
org.keycloak.common.util.UriUtils.meth,obj_level(this),_implicit_conf_-exceptions_dumb_300_-dr_timeout=5m_cuddmem=8GiB_,pc ⊔ level(this) ⊔ obj_level(this)
org.keycloak.common.util.StreamUtil.meth,obj_level(this),_implicit_conf_-exceptions_dumb_300_-dr_timeout=5m_cuddmem=8GiB_,pc ⊔ level(this) ⊔ obj_level(this)
org.keycloak.common.crypto.UserIdentityExtractorProvider$X500NameRDNExtractor.meth,obj_level(this$0),_implicit_conf_-exceptions_dumb_300_-dr_timeout=5m_cuddmem=8GiB_,pc ⊔ level(this) ⊔ level(this$0) ⊔ obj_level(this) ⊔ obj_level(this$0)
org.keycloak.common.crypto.UserIdentityExtractorProvider$X500NameRDNExtractor.meth,obj_level(this),_implicit_conf_-exceptions_dumb_300_-dr_timeout=5m_cuddmem=8GiB_,pc ⊔ level(this) ⊔ level(this$0) ⊔ obj_level(this) ⊔ obj_level(this$0)
org.keycloak.common.crypto.UserIdentityExtractorProvider.meth,obj_level(this),_implicit_conf_-exceptions_dumb_300_-dr_timeout=5m_cuddmem=8GiB_,pc ⊔ level(this) ⊔ obj_level(this)
org.keycloak.common.Profile.meth,obj_level(@features),_implicit_conf_-exceptions_dumb_300_-dr_timeout=5m_cuddmem=8GiB_,pc ⊔ level(@features) ⊔ level(profileName) ⊔ level(this) ⊔ obj_level(@features) ⊔ obj_level(profileName) ⊔ obj_level(this)
org.keycloak.common.Profile.meth,obj_level(profileName),_implicit_conf_-exceptions_dumb_300_-dr_timeout=5m_cuddmem=8GiB_,pc ⊔ level(@features) ⊔ level(profileName) ⊔ level(this) ⊔ obj_level(@features) ⊔ obj_level(profileName) ⊔ obj_level(this)
org.keycloak.common.Profile.meth,obj_level(this),_implicit_conf_-exceptions_dumb_300_-dr_timeout=5m_cuddmem=8GiB_,pc ⊔ level(@features) ⊔ level(profileName) ⊔ level(this) ⊔ obj_level(@features) ⊔ obj_level(profileName) ⊔ obj_level(this)
org.keycloak.common.util.PaddingUtils.meth,obj_level(this),_implicit_conf_-exceptions_dumb_300_-dr_timeout=5m_cuddmem=8GiB_,pc ⊔ level(this) ⊔ obj_level(this)
org.keycloak.common.Profile$Feature.meth,obj_level(this),_implicit_conf_-exceptions_dumb_300_-dr_timeout=5m_cuddmem=8GiB_,pc ⊔ level(l1) ⊔ level(l2) ⊔ level(label) ⊔ level(this) ⊔ level(type) ⊔ obj_level(l1) ⊔ obj_level(this) ⊔ obj_level(type)
org.keycloak.common.Profile$Feature.meth,obj_level(type),_implicit_conf_-exceptions_dumb_300_-dr_timeout=5m_cuddmem=8GiB_,pc ⊔ level(l1) ⊔ level(l2) ⊔ level(this) ⊔ obj_level(l1) ⊔ obj_level(this) ⊔ obj_level(type)
org.keycloak.common.Profile$Feature.meth,obj_level(label),_implicit_conf_-exceptions_dumb_300_-dr_timeout=5m_cuddmem=8GiB_,pc ⊔ level(l1) ⊔ level(l2) ⊔ level(this) ⊔ obj_level(l1) ⊔ obj_level(this)
org.keycloak.common.Profile$Feature.meth,obj_level(l1),_implicit_conf_-exceptions_dumb_300_-dr_timeout=5m_cuddmem=8GiB_,pc ⊔ level(l1) ⊔ level(l2) ⊔ level(this) ⊔ obj_level(l1) ⊔ obj_level(this)
org.keycloak.common.util.KeycloakUriBuilder.meth,obj_level(this),_implicit_conf_-exceptions_dumb_300_-dr_timeout=5m_cuddmem=8GiB_,pc ⊔ level(this) ⊔ obj_level(this)
org.keycloak.common.util.KerberosJdkProvider$IBMJDKProvider$1.meth,obj_level(this$0),_implicit_conf_-exceptions_dumb_300_-dr_timeout=5m_cuddmem=8GiB_,pc ⊔ level(l2) ⊔ level(l3) ⊔ level(l4) ⊔ level(this) ⊔ level(this$0) ⊔ obj_level(l2) ⊔ obj_level(this) ⊔ obj_level(this$0)
org.keycloak.common.util.KerberosJdkProvider$IBMJDKProvider$1.meth,obj_level(this),_implicit_conf_-exceptions_dumb_300_-dr_timeout=5m_cuddmem=8GiB_,pc ⊔ level(l2) ⊔ level(l3) ⊔ level(l4) ⊔ level(this) ⊔ level(this$0) ⊔ obj_level(l2) ⊔ obj_level(this) ⊔ obj_level(this$0)
org.keycloak.common.util.KerberosJdkProvider$IBMJDKProvider$1.meth,obj_level(l2),_implicit_conf_-exceptions_dumb_300_-dr_timeout=5m_cuddmem=8GiB_,pc ⊔ level(l2) ⊔ level(l3) ⊔ level(l4) ⊔ level(this) ⊔ level(this$0) ⊔ obj_level(l2) ⊔ obj_level(this) ⊔ obj_level(this$0)
org.keycloak.common.util.KerberosJdkProvider$IBMJDKProvider$1.meth,obj_level(l3),_implicit_conf_-exceptions_dumb_300_-dr_timeout=5m_cuddmem=8GiB_,pc ⊔ level(l2) ⊔ level(l3) ⊔ level(l4) ⊔ level(this) ⊔ level(this$0) ⊔ obj_level(l2) ⊔ obj_level(this) ⊔ obj_level(this$0)
org.keycloak.common.util.StringPropertyReplacer$2.meth,obj_level(l1),_implicit_conf_-exceptions_dumb_300_-dr_timeout=5m_cuddmem=8GiB_,pc ⊔ level(l1) ⊔ level(this) ⊔ obj_level(l1) ⊔ obj_level(this)
org.keycloak.common.util.StringPropertyReplacer$2.meth,obj_level(this),_implicit_conf_-exceptions_dumb_300_-dr_timeout=5m_cuddmem=8GiB_,pc ⊔ level(l1) ⊔ level(this) ⊔ obj_level(l1) ⊔ obj_level(this)
org.keycloak.common.crypto.PemUtilsProvider.meth,obj_level(this),_implicit_conf_-exceptions_dumb_300_-dr_timeout=5m_cuddmem=8GiB_,pc ⊔ level(this) ⊔ obj_level(this)
org.keycloak.common.util.CollectionUtil.meth,obj_level(this),_implicit_conf_-exceptions_dumb_300_-dr_timeout=5m_cuddmem=8GiB_,pc ⊔ level(this) ⊔ obj_level(this)
org.keycloak.common.util.HtmlUtils.meth,obj_level(this),_implicit_conf_-exceptions_dumb_300_-dr_timeout=5m_cuddmem=8GiB_,pc ⊔ level(this) ⊔ obj_level(this)
org.keycloak.common.util.PemUtils.meth,obj_level(this),_implicit_conf_-exceptions_dumb_300_-dr_timeout=5m_cuddmem=8GiB_,pc ⊔ level(this) ⊔ obj_level(this)
org.keycloak.common.crypto.UserIdentityExtractorProvider$PatternMatcher.meth,obj_level(valueToMatch),_implicit_conf_-exceptions_dumb_300_-dr_timeout=5m_cuddmem=8GiB_,pc ⊔ level(this) ⊔ level(this$0) ⊔ obj_level(this) ⊔ obj_level(this$0) ⊔ obj_level(valueToMatch)
org.keycloak.common.crypto.UserIdentityExtractorProvider$PatternMatcher.meth,obj_level(pattern),_implicit_conf_-exceptions_dumb_300_-dr_timeout=5m_cuddmem=8GiB_,pc ⊔ level(this) ⊔ level(this$0) ⊔ obj_level(pattern) ⊔ obj_level(this) ⊔ obj_level(this$0)
org.keycloak.common.crypto.UserIdentityExtractorProvider$PatternMatcher.meth,obj_level(this),_implicit_conf_-exceptions_dumb_300_-dr_timeout=5m_cuddmem=8GiB_,pc ⊔ level(pattern) ⊔ level(this) ⊔ level(this$0) ⊔ level(valueToMatch) ⊔ obj_level(pattern) ⊔ obj_level(this) ⊔ obj_level(this$0) ⊔ obj_level(valueToMatch)
org.keycloak.common.crypto.UserIdentityExtractorProvider$PatternMatcher.meth,obj_level(this$0),_implicit_conf_-exceptions_dumb_300_-dr_timeout=5m_cuddmem=8GiB_,pc ⊔ level(this) ⊔ level(this$0) ⊔ obj_level(this) ⊔ obj_level(this$0)
org.keycloak.common.util.SystemEnvProperties.meth,obj_level(this),_implicit_conf_-exceptions_dumb_300_-dr_timeout=5m_cuddmem=8GiB_,pc ⊔ level(this) ⊔ obj_level(this)
org.keycloak.common.enums.SslRequired.meth,obj_level(this),_implicit_conf_-exceptions_dumb_300_-dr_timeout=5m_cuddmem=8GiB_,pc ⊔ level(l1) ⊔ level(l2) ⊔ level(this) ⊔ obj_level(l1) ⊔ obj_level(this)
org.keycloak.common.enums.SslRequired.meth,obj_level(l1),_implicit_conf_-exceptions_dumb_300_-dr_timeout=5m_cuddmem=8GiB_,pc ⊔ level(l1) ⊔ level(l2) ⊔ level(this) ⊔ obj_level(l1) ⊔ obj_level(this)
org.keycloak.common.util.KerberosSerializationUtils$KerberosSerializationException.meth,obj_level(this),_implicit_conf_-exceptions_dumb_300_-dr_timeout=5m_cuddmem=8GiB_,pc ⊔ level(@message) ⊔ level(this) ⊔ obj_level(@message) ⊔ obj_level(this)
org.keycloak.common.util.KerberosSerializationUtils$KerberosSerializationException.meth,obj_level(@message),_implicit_conf_-exceptions_dumb_300_-dr_timeout=5m_cuddmem=8GiB_,pc ⊔ level(@message) ⊔ obj_level(@message)
org.keycloak.common.util.reflections.Reflections.meth,obj_level(this),_implicit_conf_-exceptions_dumb_300_-dr_timeout=5m_cuddmem=8GiB_,pc ⊔ level(this) ⊔ obj_level(this)
org.keycloak.common.util.SecretGenerator.meth,obj_level(this),_implicit_conf_-exceptions_dumb_300_-dr_timeout=5m_cuddmem=8GiB_,pc ⊔ level(this) ⊔ obj_level(this)
org.keycloak.common.util.KerberosJdkProvider$IBMJDKProvider.meth,obj_level(this),_implicit_conf_-exceptions_dumb_300_-dr_timeout=5m_cuddmem=8GiB_,pc ⊔ level(this) ⊔ obj_level(this)
org.keycloak.common.util.FindFile.meth,obj_level(this),_implicit_conf_-exceptions_dumb_300_-dr_timeout=5m_cuddmem=8GiB_,pc ⊔ level(this) ⊔ obj_level(this)
org.keycloak.common.Profile$Feature$Type.meth,obj_level(label),_implicit_conf_-exceptions_dumb_300_-dr_timeout=5m_cuddmem=8GiB_,pc ⊔ level(l1) ⊔ level(l2) ⊔ level(this) ⊔ obj_level(label) ⊔ obj_level(this)
org.keycloak.common.Profile$Feature$Type.meth,obj_level(l1),_implicit_conf_-exceptions_dumb_300_-dr_timeout=5m_cuddmem=8GiB_,pc ⊔ level(l1) ⊔ level(l2) ⊔ level(this) ⊔ obj_level(l1) ⊔ obj_level(this)
org.keycloak.common.Profile$Feature$Type.meth,obj_level(this),_implicit_conf_-exceptions_dumb_300_-dr_timeout=5m_cuddmem=8GiB_,pc ⊔ level(l1) ⊔ level(l2) ⊔ level(label) ⊔ level(this) ⊔ obj_level(label) ⊔ obj_level(this)
org.keycloak.common.enums.AccountRestApiVersion.meth,obj_level(strVersion),_implicit_conf_-exceptions_dumb_300_-dr_timeout=5m_cuddmem=8GiB_,pc ⊔ level(l1) ⊔ level(l2) ⊔ level(this) ⊔ obj_level(strVersion) ⊔ obj_level(this)
org.keycloak.common.enums.AccountRestApiVersion.meth,obj_level(this),_implicit_conf_-exceptions_dumb_300_-dr_timeout=5m_cuddmem=8GiB_,pc ⊔ level(l1) ⊔ level(l2) ⊔ level(strVersion) ⊔ level(this) ⊔ obj_level(strVersion) ⊔ obj_level(this)
org.keycloak.common.enums.AccountRestApiVersion.meth,obj_level(l1),_implicit_conf_-exceptions_dumb_300_-dr_timeout=5m_cuddmem=8GiB_,pc ⊔ level(l1) ⊔ level(l2) ⊔ level(this) ⊔ obj_level(l1) ⊔ obj_level(this)
org.keycloak.common.util.PathMatcher.meth,obj_level(this),_implicit_conf_-exceptions_dumb_300_-dr_timeout=5m_cuddmem=8GiB_,pc ⊔ level(this) ⊔ obj_level(this)
