software.amazon.awssdk.services.secretsmanager.endpoints.internal.PartitionFn$LazyValue.meth,obj_level(this),pc ⊔ level(builder) ⊔ level(this) ⊔ obj_level(builder) ⊔ obj_level(this)
software.amazon.awssdk.services.secretsmanager.endpoints.internal.PartitionFn$LazyValue.meth,obj_level(builder),pc ⊔ level(this) ⊔ obj_level(builder) ⊔ obj_level(this)
software.amazon.awssdk.services.secretsmanager.model.StatusType.meth,obj_level(this),pc ⊔ level(l1) ⊔ level(l2) ⊔ level(this) ⊔ level(value) ⊔ obj_level(l1) ⊔ obj_level(this)
software.amazon.awssdk.services.secretsmanager.model.StatusType.meth,obj_level(l1),pc ⊔ level(l1) ⊔ level(l2) ⊔ level(this) ⊔ obj_level(l1) ⊔ obj_level(this)
software.amazon.awssdk.services.secretsmanager.model.StatusType.meth,obj_level(value),pc ⊔ level(l1) ⊔ level(l2) ⊔ level(this) ⊔ obj_level(l1) ⊔ obj_level(this)
software.amazon.awssdk.services.secretsmanager.endpoints.internal.SecretsManagerResolveEndpointInterceptor.meth,obj_level(this),pc ⊔ level(this) ⊔ obj_level(this)
software.amazon.awssdk.services.secretsmanager.model.GetResourcePolicyRequest$BuilderImpl.meth,obj_level(this),pc ⊔ level(this) ⊔ obj_level(this)
software.amazon.awssdk.services.secretsmanager.endpoints.internal.EndpointRuleset.meth,obj_level(b),pc ⊔ level(b) ⊔ level(this) ⊔ obj_level(b) ⊔ obj_level(this)
software.amazon.awssdk.services.secretsmanager.endpoints.internal.EndpointRuleset.meth,obj_level(this),pc ⊔ level(b) ⊔ level(this) ⊔ obj_level(b) ⊔ obj_level(this)
software.amazon.awssdk.services.secretsmanager.model.InvalidNextTokenException.meth,obj_level(this),pc ⊔ level(builder) ⊔ level(this) ⊔ obj_level(builder) ⊔ obj_level(this)
software.amazon.awssdk.services.secretsmanager.model.PutResourcePolicyResponse.meth,obj_level(builder),pc ⊔ level(builder) ⊔ level(this) ⊔ obj_level(builder) ⊔ obj_level(this)
software.amazon.awssdk.services.secretsmanager.model.PutResourcePolicyResponse.meth,obj_level(this),pc ⊔ level(builder) ⊔ level(this) ⊔ obj_level(builder) ⊔ obj_level(this)
software.amazon.awssdk.services.secretsmanager.endpoints.internal.Condition$Builder.meth,obj_level(this),pc ⊔ level(this) ⊔ obj_level(this)
software.amazon.awssdk.services.secretsmanager.model.ListSecretsResponse.meth,obj_level(builder),pc ⊔ level(builder) ⊔ level(this) ⊔ obj_level(builder) ⊔ obj_level(this)
software.amazon.awssdk.services.secretsmanager.model.ListSecretsResponse.meth,obj_level(this),pc ⊔ level(builder) ⊔ level(this) ⊔ obj_level(builder) ⊔ obj_level(this)
software.amazon.awssdk.services.secretsmanager.model.SecretsManagerRequest.meth,obj_level(this),pc ⊔ level(builder) ⊔ level(this) ⊔ obj_level(builder) ⊔ obj_level(this)
software.amazon.awssdk.services.secretsmanager.model.SecretsManagerRequest.meth,obj_level(builder),pc ⊔ level(builder) ⊔ level(this) ⊔ obj_level(builder) ⊔ obj_level(this)
software.amazon.awssdk.services.secretsmanager.transform.UpdateSecretVersionStageRequestMarshaller.meth,obj_level(protocolFactory),pc ⊔ level(this) ⊔ obj_level(protocolFactory) ⊔ obj_level(this)
software.amazon.awssdk.services.secretsmanager.transform.UpdateSecretVersionStageRequestMarshaller.meth,obj_level(this),pc ⊔ level(protocolFactory) ⊔ level(this) ⊔ obj_level(protocolFactory) ⊔ obj_level(this)
software.amazon.awssdk.services.secretsmanager.endpoints.internal.GetAttr$Builder.meth,obj_level(this),pc ⊔ level(this) ⊔ obj_level(this)
software.amazon.awssdk.services.secretsmanager.endpoints.internal.GetAttr$Part$Key.meth,obj_level(key),pc ⊔ level(this) ⊔ obj_level(key) ⊔ obj_level(this)
software.amazon.awssdk.services.secretsmanager.endpoints.internal.GetAttr$Part$Key.meth,obj_level(this),pc ⊔ level(key) ⊔ level(this) ⊔ obj_level(key) ⊔ obj_level(this)
software.amazon.awssdk.services.secretsmanager.paginators.ListSecretsPublisher$ListSecretsResponseFetcher.meth,obj_level(l1),pc ⊔ level(l1) ⊔ level(this) ⊔ obj_level(l1) ⊔ obj_level(this)
software.amazon.awssdk.services.secretsmanager.paginators.ListSecretsPublisher$ListSecretsResponseFetcher.meth,obj_level(this),pc ⊔ level(l1) ⊔ level(this) ⊔ obj_level(l1) ⊔ obj_level(this)
software.amazon.awssdk.services.secretsmanager.endpoints.internal.Parameter$Deprecated.meth,obj_level(message),pc ⊔ level(this) ⊔ obj_level(message) ⊔ obj_level(this)
software.amazon.awssdk.services.secretsmanager.endpoints.internal.Parameter$Deprecated.meth,obj_level(since),pc ⊔ level(this) ⊔ obj_level(since) ⊔ obj_level(this)
software.amazon.awssdk.services.secretsmanager.endpoints.internal.Parameter$Deprecated.meth,obj_level(this),pc ⊔ level(message) ⊔ level(since) ⊔ level(this) ⊔ obj_level(message) ⊔ obj_level(this)
software.amazon.awssdk.services.secretsmanager.transform.DeleteResourcePolicyRequestMarshaller.meth,obj_level(protocolFactory),pc ⊔ level(this) ⊔ obj_level(protocolFactory) ⊔ obj_level(this)
software.amazon.awssdk.services.secretsmanager.transform.DeleteResourcePolicyRequestMarshaller.meth,obj_level(this),pc ⊔ level(protocolFactory) ⊔ level(this) ⊔ obj_level(protocolFactory) ⊔ obj_level(this)
software.amazon.awssdk.services.secretsmanager.endpoints.internal.ParameterReference$Builder.meth,obj_level(this),pc ⊔ level(this) ⊔ obj_level(this)
software.amazon.awssdk.services.secretsmanager.endpoints.internal.Value$Array.meth,obj_level(this),pc ⊔ level(inner) ⊔ level(this) ⊔ obj_level(inner) ⊔ obj_level(this)
software.amazon.awssdk.services.secretsmanager.endpoints.internal.Value$Array.meth,obj_level(inner),pc ⊔ level(inner) ⊔ level(this) ⊔ obj_level(inner) ⊔ obj_level(this)
software.amazon.awssdk.services.secretsmanager.model.SecretVersionsToStagesMapTypeCopier.meth,obj_level(this),pc ⊔ level(this) ⊔ obj_level(this)
software.amazon.awssdk.services.secretsmanager.model.SecretsManagerException.meth,obj_level(this),pc ⊔ level(builder) ⊔ level(this) ⊔ obj_level(builder) ⊔ obj_level(this)
software.amazon.awssdk.services.secretsmanager.endpoints.internal.Literal$Tuple.meth,obj_level(this),pc ⊔ level(members) ⊔ level(this) ⊔ obj_level(members) ⊔ obj_level(this)
software.amazon.awssdk.services.secretsmanager.endpoints.internal.Literal$Tuple.meth,obj_level(members),pc ⊔ level(members) ⊔ level(this) ⊔ obj_level(members) ⊔ obj_level(this)
software.amazon.awssdk.services.secretsmanager.endpoints.internal.PartitionFn$PartitionData.meth,obj_level(this),pc ⊔ level(this) ⊔ obj_level(this)
software.amazon.awssdk.services.secretsmanager.endpoints.internal.TreeRule.meth,obj_level(this),pc ⊔ level(builder) ⊔ level(rules) ⊔ level(this) ⊔ obj_level(builder) ⊔ obj_level(rules) ⊔ obj_level(this)
software.amazon.awssdk.services.secretsmanager.endpoints.internal.TreeRule.meth,obj_level(rules),pc ⊔ level(builder) ⊔ level(rules) ⊔ level(this) ⊔ obj_level(builder) ⊔ obj_level(rules) ⊔ obj_level(this)
software.amazon.awssdk.services.secretsmanager.endpoints.internal.TreeRule.meth,obj_level(builder),pc ⊔ level(builder) ⊔ level(rules) ⊔ level(this) ⊔ obj_level(builder) ⊔ obj_level(rules) ⊔ obj_level(this)
software.amazon.awssdk.services.secretsmanager.model.UpdateSecretResponse.meth,obj_level(builder),pc ⊔ level(builder) ⊔ level(this) ⊔ obj_level(builder) ⊔ obj_level(this)
software.amazon.awssdk.services.secretsmanager.model.UpdateSecretResponse.meth,obj_level(this),pc ⊔ level(builder) ⊔ level(this) ⊔ obj_level(builder) ⊔ obj_level(this)
software.amazon.awssdk.services.secretsmanager.model.PublicPolicyException$BuilderImpl.meth,obj_level(this),pc ⊔ level(this) ⊔ obj_level(this)
software.amazon.awssdk.services.secretsmanager.DefaultSecretsManagerAsyncClientBuilder.meth,obj_level(this),pc ⊔ level(this) ⊔ obj_level(this)
software.amazon.awssdk.services.secretsmanager.SecretsManagerServiceClientConfiguration.meth,obj_level(this),pc ⊔ level(builder) ⊔ level(this) ⊔ obj_level(builder) ⊔ obj_level(this)
software.amazon.awssdk.services.secretsmanager.transform.CreateSecretRequestMarshaller.meth,obj_level(this),pc ⊔ level(protocolFactory) ⊔ level(this) ⊔ obj_level(protocolFactory) ⊔ obj_level(this)
software.amazon.awssdk.services.secretsmanager.transform.CreateSecretRequestMarshaller.meth,obj_level(protocolFactory),pc ⊔ level(this) ⊔ obj_level(protocolFactory) ⊔ obj_level(this)
software.amazon.awssdk.services.secretsmanager.model.SecretVersionStagesTypeCopier.meth,obj_level(this),pc ⊔ level(this) ⊔ obj_level(this)
software.amazon.awssdk.services.secretsmanager.paginators.ListSecretVersionIdsIterable.meth,obj_level(firstRequest),pc ⊔ level(this) ⊔ obj_level(firstRequest) ⊔ obj_level(this)
software.amazon.awssdk.services.secretsmanager.paginators.ListSecretVersionIdsIterable.meth,obj_level(this),pc ⊔ level(client) ⊔ level(firstRequest) ⊔ level(this) ⊔ obj_level(client) ⊔ obj_level(firstRequest) ⊔ obj_level(this)
software.amazon.awssdk.services.secretsmanager.paginators.ListSecretVersionIdsIterable.meth,obj_level(client),pc ⊔ level(this) ⊔ obj_level(client) ⊔ obj_level(this)
software.amazon.awssdk.services.secretsmanager.endpoints.internal.Scope.meth,obj_level(this),pc ⊔ level(this) ⊔ obj_level(this)
software.amazon.awssdk.services.secretsmanager.endpoints.internal.RuleEvaluator$1.meth,obj_level(this$0),pc ⊔ level(l2) ⊔ level(this) ⊔ level(this$0) ⊔ obj_level(l2) ⊔ obj_level(this)
software.amazon.awssdk.services.secretsmanager.endpoints.internal.RuleEvaluator$1.meth,obj_level(l2),pc ⊔ level(l2) ⊔ level(this) ⊔ level(this$0) ⊔ obj_level(l2) ⊔ obj_level(this)
software.amazon.awssdk.services.secretsmanager.endpoints.internal.RuleEvaluator$1.meth,obj_level(this),pc ⊔ level(l2) ⊔ level(this) ⊔ level(this$0) ⊔ obj_level(l2) ⊔ obj_level(this)
software.amazon.awssdk.services.secretsmanager.model.DecryptionFailureException.meth,obj_level(this),pc ⊔ level(builder) ⊔ level(this) ⊔ obj_level(builder) ⊔ obj_level(this)
software.amazon.awssdk.services.secretsmanager.model.GetRandomPasswordRequest.meth,obj_level(builder),pc ⊔ level(builder) ⊔ level(this) ⊔ obj_level(builder) ⊔ obj_level(this)
software.amazon.awssdk.services.secretsmanager.model.GetRandomPasswordRequest.meth,obj_level(this),pc ⊔ level(builder) ⊔ level(this) ⊔ obj_level(builder) ⊔ obj_level(this)
software.amazon.awssdk.services.secretsmanager.endpoints.internal.RuleEvaluator.meth,obj_level(this),pc ⊔ level(this) ⊔ obj_level(this)
software.amazon.awssdk.services.secretsmanager.endpoints.internal.Value$Int.meth,obj_level(this),pc ⊔ level(this) ⊔ level(value) ⊔ obj_level(this)
software.amazon.awssdk.services.secretsmanager.model.SecretVersionsListTypeCopier.meth,obj_level(this),pc ⊔ level(this) ⊔ obj_level(this)
software.amazon.awssdk.services.secretsmanager.model.PutResourcePolicyRequest.meth,obj_level(builder),pc ⊔ level(builder) ⊔ level(this) ⊔ obj_level(builder) ⊔ obj_level(this)
software.amazon.awssdk.services.secretsmanager.model.PutResourcePolicyRequest.meth,obj_level(this),pc ⊔ level(builder) ⊔ level(this) ⊔ obj_level(builder) ⊔ obj_level(this)
software.amazon.awssdk.services.secretsmanager.transform.ValidateResourcePolicyRequestMarshaller.meth,obj_level(protocolFactory),pc ⊔ level(this) ⊔ obj_level(protocolFactory) ⊔ obj_level(this)
software.amazon.awssdk.services.secretsmanager.transform.ValidateResourcePolicyRequestMarshaller.meth,obj_level(this),pc ⊔ level(protocolFactory) ⊔ level(this) ⊔ obj_level(protocolFactory) ⊔ obj_level(this)
software.amazon.awssdk.services.secretsmanager.model.StopReplicationToReplicaResponse$BuilderImpl.meth,obj_level(this),pc ⊔ level(this) ⊔ obj_level(this)
software.amazon.awssdk.services.secretsmanager.model.DeleteSecretResponse.meth,obj_level(this),pc ⊔ level(builder) ⊔ level(this) ⊔ obj_level(builder) ⊔ obj_level(this)
software.amazon.awssdk.services.secretsmanager.model.DeleteSecretResponse.meth,obj_level(builder),pc ⊔ level(builder) ⊔ level(this) ⊔ obj_level(builder) ⊔ obj_level(this)
software.amazon.awssdk.services.secretsmanager.transform.GetSecretValueRequestMarshaller.meth,obj_level(protocolFactory),pc ⊔ level(this) ⊔ obj_level(protocolFactory) ⊔ obj_level(this)
software.amazon.awssdk.services.secretsmanager.transform.GetSecretValueRequestMarshaller.meth,obj_level(this),pc ⊔ level(protocolFactory) ⊔ level(this) ⊔ obj_level(protocolFactory) ⊔ obj_level(this)
software.amazon.awssdk.services.secretsmanager.model.CreateSecretResponse.meth,obj_level(this),pc ⊔ level(builder) ⊔ level(this) ⊔ obj_level(builder) ⊔ obj_level(this)
software.amazon.awssdk.services.secretsmanager.model.CreateSecretResponse.meth,obj_level(builder),pc ⊔ level(builder) ⊔ level(this) ⊔ obj_level(builder) ⊔ obj_level(this)
software.amazon.awssdk.services.secretsmanager.model.ListSecretVersionIdsResponse.meth,obj_level(builder),pc ⊔ level(builder) ⊔ level(this) ⊔ obj_level(builder) ⊔ obj_level(this)
software.amazon.awssdk.services.secretsmanager.model.ListSecretVersionIdsResponse.meth,obj_level(this),pc ⊔ level(builder) ⊔ level(this) ⊔ obj_level(builder) ⊔ obj_level(this)
software.amazon.awssdk.services.secretsmanager.internal.SecretsManagerClientOption.meth,obj_level(valueClass),pc ⊔ level(this) ⊔ level(valueClass) ⊔ obj_level(this) ⊔ obj_level(valueClass)
software.amazon.awssdk.services.secretsmanager.internal.SecretsManagerClientOption.meth,obj_level(this),pc ⊔ level(this) ⊔ level(valueClass) ⊔ obj_level(this) ⊔ obj_level(valueClass)
software.amazon.awssdk.services.secretsmanager.endpoints.internal.EndpointResult$Builder.meth,obj_level(this),pc ⊔ level(this) ⊔ obj_level(this)
software.amazon.awssdk.services.secretsmanager.transform.StopReplicationToReplicaRequestMarshaller.meth,obj_level(protocolFactory),pc ⊔ level(this) ⊔ obj_level(protocolFactory) ⊔ obj_level(this)
software.amazon.awssdk.services.secretsmanager.transform.StopReplicationToReplicaRequestMarshaller.meth,obj_level(this),pc ⊔ level(protocolFactory) ⊔ level(this) ⊔ obj_level(protocolFactory) ⊔ obj_level(this)
software.amazon.awssdk.services.secretsmanager.transform.ListSecretVersionIdsRequestMarshaller.meth,obj_level(this),pc ⊔ level(protocolFactory) ⊔ level(this) ⊔ obj_level(protocolFactory) ⊔ obj_level(this)
software.amazon.awssdk.services.secretsmanager.transform.ListSecretVersionIdsRequestMarshaller.meth,obj_level(protocolFactory),pc ⊔ level(this) ⊔ obj_level(protocolFactory) ⊔ obj_level(this)
software.amazon.awssdk.services.secretsmanager.model.InvalidRequestException$BuilderImpl.meth,obj_level(this),pc ⊔ level(this) ⊔ obj_level(this)
software.amazon.awssdk.services.secretsmanager.endpoints.internal.StringEqualsFn.meth,obj_level(this),pc ⊔ level(fnNode) ⊔ level(this) ⊔ obj_level(fnNode) ⊔ obj_level(this)
software.amazon.awssdk.services.secretsmanager.endpoints.internal.StringEqualsFn.meth,obj_level(fnNode),pc ⊔ level(fnNode) ⊔ level(this) ⊔ obj_level(fnNode) ⊔ obj_level(this)
software.amazon.awssdk.services.secretsmanager.model.SortOrderType.meth,obj_level(value),pc ⊔ level(l1) ⊔ level(l2) ⊔ level(this) ⊔ obj_level(l1) ⊔ obj_level(this)
software.amazon.awssdk.services.secretsmanager.model.SortOrderType.meth,obj_level(l1),pc ⊔ level(l1) ⊔ level(l2) ⊔ level(this) ⊔ obj_level(l1) ⊔ obj_level(this)
software.amazon.awssdk.services.secretsmanager.model.SortOrderType.meth,obj_level(this),pc ⊔ level(l1) ⊔ level(l2) ⊔ level(this) ⊔ level(value) ⊔ obj_level(l1) ⊔ obj_level(this)
software.amazon.awssdk.services.secretsmanager.model.ReplicationStatusType.meth,obj_level(builder),pc ⊔ level(this) ⊔ obj_level(builder) ⊔ obj_level(this)
software.amazon.awssdk.services.secretsmanager.model.ReplicationStatusType.meth,obj_level(this),pc ⊔ level(builder) ⊔ level(this) ⊔ obj_level(builder) ⊔ obj_level(this)
software.amazon.awssdk.services.secretsmanager.model.TagKeyListTypeCopier.meth,obj_level(this),pc ⊔ level(this) ⊔ obj_level(this)
software.amazon.awssdk.services.secretsmanager.DefaultSecretsManagerClientBuilder.meth,obj_level(this),pc ⊔ level(this) ⊔ obj_level(this)
software.amazon.awssdk.services.secretsmanager.endpoints.internal.ExprVisitor$Default.meth,obj_level(this),pc ⊔ level(this) ⊔ obj_level(this)
software.amazon.awssdk.services.secretsmanager.endpoints.internal.PartitionFn$LazyValue$Builder.meth,obj_level(this),pc ⊔ level(this) ⊔ obj_level(this)
software.amazon.awssdk.services.secretsmanager.model.FilterValuesStringListCopier.meth,obj_level(this),pc ⊔ level(this) ⊔ obj_level(this)
software.amazon.awssdk.services.secretsmanager.endpoints.internal.Parameter$Builder.meth,obj_level(this),pc ⊔ level(this) ⊔ obj_level(this)
software.amazon.awssdk.services.secretsmanager.endpoints.internal.BooleanEqualsFn.meth,obj_level(fnNode),pc ⊔ level(fnNode) ⊔ level(this) ⊔ obj_level(fnNode) ⊔ obj_level(this)
software.amazon.awssdk.services.secretsmanager.endpoints.internal.BooleanEqualsFn.meth,obj_level(this),pc ⊔ level(fnNode) ⊔ level(this) ⊔ obj_level(fnNode) ⊔ obj_level(this)
software.amazon.awssdk.services.secretsmanager.endpoints.internal.EndpointResult.meth,obj_level(builder),pc ⊔ level(builder) ⊔ level(this) ⊔ obj_level(builder) ⊔ obj_level(this)
software.amazon.awssdk.services.secretsmanager.endpoints.internal.EndpointResult.meth,obj_level(this),pc ⊔ level(builder) ⊔ level(this) ⊔ obj_level(builder) ⊔ obj_level(this)
software.amazon.awssdk.services.secretsmanager.transform.ReplicateSecretToRegionsRequestMarshaller.meth,obj_level(protocolFactory),pc ⊔ level(this) ⊔ obj_level(protocolFactory) ⊔ obj_level(this)
software.amazon.awssdk.services.secretsmanager.transform.ReplicateSecretToRegionsRequestMarshaller.meth,obj_level(this),pc ⊔ level(protocolFactory) ⊔ level(this) ⊔ obj_level(protocolFactory) ⊔ obj_level(this)
software.amazon.awssdk.services.secretsmanager.model.DescribeSecretResponse.meth,obj_level(builder),pc ⊔ level(builder) ⊔ level(this) ⊔ obj_level(builder) ⊔ obj_level(this)
software.amazon.awssdk.services.secretsmanager.model.DescribeSecretResponse.meth,obj_level(this),pc ⊔ level(builder) ⊔ level(this) ⊔ obj_level(builder) ⊔ obj_level(this)
software.amazon.awssdk.services.secretsmanager.endpoints.internal.ParseUrl.meth,obj_level(fnNode),pc ⊔ level(fnNode) ⊔ level(this) ⊔ obj_level(fnNode) ⊔ obj_level(this)
software.amazon.awssdk.services.secretsmanager.endpoints.internal.ParseUrl.meth,obj_level(this),pc ⊔ level(fnNode) ⊔ level(this) ⊔ obj_level(fnNode) ⊔ obj_level(this)
software.amazon.awssdk.services.secretsmanager.endpoints.internal.GetAttr$Part$Index.meth,obj_level(this),pc ⊔ level(index) ⊔ level(this) ⊔ obj_level(this)
software.amazon.awssdk.services.secretsmanager.endpoints.internal.Partition$Builder.meth,obj_level(this),pc ⊔ level(this) ⊔ obj_level(this)
software.amazon.awssdk.services.secretsmanager.model.UpdateSecretVersionStageRequest$BuilderImpl.meth,obj_level(this),pc ⊔ level(this) ⊔ obj_level(this)
software.amazon.awssdk.services.secretsmanager.transform.PutSecretValueRequestMarshaller.meth,obj_level(this),pc ⊔ level(protocolFactory) ⊔ level(this) ⊔ obj_level(protocolFactory) ⊔ obj_level(this)
software.amazon.awssdk.services.secretsmanager.transform.PutSecretValueRequestMarshaller.meth,obj_level(protocolFactory),pc ⊔ level(this) ⊔ obj_level(protocolFactory) ⊔ obj_level(this)
software.amazon.awssdk.services.secretsmanager.model.GetResourcePolicyResponse.meth,obj_level(builder),pc ⊔ level(builder) ⊔ level(this) ⊔ obj_level(builder) ⊔ obj_level(this)
software.amazon.awssdk.services.secretsmanager.model.GetResourcePolicyResponse.meth,obj_level(this),pc ⊔ level(builder) ⊔ level(this) ⊔ obj_level(builder) ⊔ obj_level(this)
software.amazon.awssdk.services.secretsmanager.model.UpdateSecretVersionStageResponse.meth,obj_level(this),pc ⊔ level(builder) ⊔ level(this) ⊔ obj_level(builder) ⊔ obj_level(this)
software.amazon.awssdk.services.secretsmanager.model.UpdateSecretVersionStageResponse.meth,obj_level(builder),pc ⊔ level(builder) ⊔ level(this) ⊔ obj_level(builder) ⊔ obj_level(this)
software.amazon.awssdk.services.secretsmanager.model.ValidationErrorsTypeCopier.meth,obj_level(this),pc ⊔ level(this) ⊔ obj_level(this)
software.amazon.awssdk.services.secretsmanager.endpoints.internal.Template$Literal.meth,obj_level(this),pc ⊔ level(this) ⊔ level(value) ⊔ obj_level(this) ⊔ obj_level(value)
software.amazon.awssdk.services.secretsmanager.endpoints.internal.Template$Literal.meth,obj_level(value),pc ⊔ level(this) ⊔ obj_level(this) ⊔ obj_level(value)
software.amazon.awssdk.services.secretsmanager.endpoints.internal.Literal$Obj.meth,obj_level(this),pc ⊔ level(members) ⊔ level(this) ⊔ obj_level(members) ⊔ obj_level(this)
software.amazon.awssdk.services.secretsmanager.endpoints.internal.Literal$Obj.meth,obj_level(members),pc ⊔ level(members) ⊔ level(this) ⊔ obj_level(members) ⊔ obj_level(this)
software.amazon.awssdk.services.secretsmanager.model.UpdateSecretRequest.meth,obj_level(this),pc ⊔ level(builder) ⊔ level(this) ⊔ obj_level(builder) ⊔ obj_level(this)
software.amazon.awssdk.services.secretsmanager.model.UpdateSecretRequest.meth,obj_level(builder),pc ⊔ level(builder) ⊔ level(this) ⊔ obj_level(builder) ⊔ obj_level(this)
software.amazon.awssdk.services.secretsmanager.model.DescribeSecretRequest$BuilderImpl.meth,obj_level(this),pc ⊔ level(this) ⊔ obj_level(this)
software.amazon.awssdk.services.secretsmanager.model.RemoveRegionsFromReplicationResponse.meth,obj_level(builder),pc ⊔ level(builder) ⊔ level(this) ⊔ obj_level(builder) ⊔ obj_level(this)
software.amazon.awssdk.services.secretsmanager.model.RemoveRegionsFromReplicationResponse.meth,obj_level(this),pc ⊔ level(builder) ⊔ level(this) ⊔ obj_level(builder) ⊔ obj_level(this)
software.amazon.awssdk.services.secretsmanager.transform.GetRandomPasswordRequestMarshaller.meth,obj_level(protocolFactory),pc ⊔ level(this) ⊔ obj_level(protocolFactory) ⊔ obj_level(this)
software.amazon.awssdk.services.secretsmanager.transform.GetRandomPasswordRequestMarshaller.meth,obj_level(this),pc ⊔ level(protocolFactory) ⊔ level(this) ⊔ obj_level(protocolFactory) ⊔ obj_level(this)
software.amazon.awssdk.services.secretsmanager.model.MalformedPolicyDocumentException$BuilderImpl.meth,obj_level(this),pc ⊔ level(this) ⊔ obj_level(this)
software.amazon.awssdk.services.secretsmanager.model.StopReplicationToReplicaRequest.meth,obj_level(builder),pc ⊔ level(builder) ⊔ level(this) ⊔ obj_level(builder) ⊔ obj_level(this)
software.amazon.awssdk.services.secretsmanager.model.StopReplicationToReplicaRequest.meth,obj_level(this),pc ⊔ level(builder) ⊔ level(this) ⊔ obj_level(builder) ⊔ obj_level(this)
software.amazon.awssdk.services.secretsmanager.model.GetSecretValueResponse.meth,obj_level(this),pc ⊔ level(builder) ⊔ level(this) ⊔ obj_level(builder) ⊔ obj_level(this)
software.amazon.awssdk.services.secretsmanager.model.GetSecretValueResponse.meth,obj_level(builder),pc ⊔ level(builder) ⊔ level(this) ⊔ obj_level(builder) ⊔ obj_level(this)
software.amazon.awssdk.services.secretsmanager.model.RestoreSecretResponse.meth,obj_level(builder),pc ⊔ level(builder) ⊔ level(this) ⊔ obj_level(builder) ⊔ obj_level(this)
software.amazon.awssdk.services.secretsmanager.model.RestoreSecretResponse.meth,obj_level(this),pc ⊔ level(builder) ⊔ level(this) ⊔ obj_level(builder) ⊔ obj_level(this)
software.amazon.awssdk.services.secretsmanager.endpoints.internal.SecretsManagerRequestSetEndpointInterceptor.meth,obj_level(this),pc ⊔ level(this) ⊔ obj_level(this)
software.amazon.awssdk.services.secretsmanager.model.RotateSecretResponse$BuilderImpl.meth,obj_level(this),pc ⊔ level(this) ⊔ obj_level(this)
software.amazon.awssdk.services.secretsmanager.model.UntagResourceResponse.meth,obj_level(this),pc ⊔ level(builder) ⊔ level(this) ⊔ obj_level(builder) ⊔ obj_level(this)
software.amazon.awssdk.services.secretsmanager.model.UntagResourceResponse.meth,obj_level(builder),pc ⊔ level(builder) ⊔ level(this) ⊔ obj_level(builder) ⊔ obj_level(this)
software.amazon.awssdk.services.secretsmanager.endpoints.internal.Literal$1.meth,obj_level(l2),pc ⊔ level(l2) ⊔ level(this) ⊔ level(this$0) ⊔ obj_level(l2) ⊔ obj_level(this) ⊔ obj_level(this$0)
software.amazon.awssdk.services.secretsmanager.endpoints.internal.Literal$1.meth,obj_level(this$0),pc ⊔ level(l2) ⊔ level(this) ⊔ level(this$0) ⊔ obj_level(l2) ⊔ obj_level(this) ⊔ obj_level(this$0)
software.amazon.awssdk.services.secretsmanager.endpoints.internal.Literal$1.meth,obj_level(this),pc ⊔ level(l2) ⊔ level(this) ⊔ level(this$0) ⊔ obj_level(l2) ⊔ obj_level(this) ⊔ obj_level(this$0)
software.amazon.awssdk.services.secretsmanager.endpoints.internal.AwsEndpointProviderUtils.meth,obj_level(this),pc ⊔ level(this) ⊔ obj_level(this)
software.amazon.awssdk.services.secretsmanager.transform.PutResourcePolicyRequestMarshaller.meth,obj_level(this),pc ⊔ level(protocolFactory) ⊔ level(this) ⊔ obj_level(protocolFactory) ⊔ obj_level(this)
software.amazon.awssdk.services.secretsmanager.transform.PutResourcePolicyRequestMarshaller.meth,obj_level(protocolFactory),pc ⊔ level(this) ⊔ obj_level(protocolFactory) ⊔ obj_level(this)
software.amazon.awssdk.services.secretsmanager.model.DeleteResourcePolicyResponse.meth,obj_level(builder),pc ⊔ level(builder) ⊔ level(this) ⊔ obj_level(builder) ⊔ obj_level(this)
software.amazon.awssdk.services.secretsmanager.model.DeleteResourcePolicyResponse.meth,obj_level(this),pc ⊔ level(builder) ⊔ level(this) ⊔ obj_level(builder) ⊔ obj_level(this)
software.amazon.awssdk.services.secretsmanager.transform.TagResourceRequestMarshaller.meth,obj_level(this),pc ⊔ level(protocolFactory) ⊔ level(this) ⊔ obj_level(protocolFactory) ⊔ obj_level(this)
software.amazon.awssdk.services.secretsmanager.transform.TagResourceRequestMarshaller.meth,obj_level(protocolFactory),pc ⊔ level(this) ⊔ obj_level(protocolFactory) ⊔ obj_level(this)
software.amazon.awssdk.services.secretsmanager.transform.DescribeSecretRequestMarshaller.meth,obj_level(this),pc ⊔ level(protocolFactory) ⊔ level(this) ⊔ obj_level(protocolFactory) ⊔ obj_level(this)
software.amazon.awssdk.services.secretsmanager.transform.DescribeSecretRequestMarshaller.meth,obj_level(protocolFactory),pc ⊔ level(this) ⊔ obj_level(protocolFactory) ⊔ obj_level(this)
software.amazon.awssdk.services.secretsmanager.model.InvalidParameterException$BuilderImpl.meth,obj_level(this),pc ⊔ level(this) ⊔ obj_level(this)
software.amazon.awssdk.services.secretsmanager.endpoints.internal.IsValidHostLabel.meth,obj_level(this),pc ⊔ level(fnNode) ⊔ level(this) ⊔ obj_level(fnNode) ⊔ obj_level(this)
software.amazon.awssdk.services.secretsmanager.endpoints.internal.IsValidHostLabel.meth,obj_level(fnNode),pc ⊔ level(fnNode) ⊔ level(this) ⊔ obj_level(fnNode) ⊔ obj_level(this)
software.amazon.awssdk.services.secretsmanager.transform.GetResourcePolicyRequestMarshaller.meth,obj_level(protocolFactory),pc ⊔ level(this) ⊔ obj_level(protocolFactory) ⊔ obj_level(this)
software.amazon.awssdk.services.secretsmanager.transform.GetResourcePolicyRequestMarshaller.meth,obj_level(this),pc ⊔ level(protocolFactory) ⊔ level(this) ⊔ obj_level(protocolFactory) ⊔ obj_level(this)
software.amazon.awssdk.services.secretsmanager.model.ReplicaRegionType$BuilderImpl.meth,obj_level(this),pc ⊔ level(this) ⊔ obj_level(this)
software.amazon.awssdk.services.secretsmanager.endpoints.internal.Parameter.meth,obj_level(this),pc ⊔ level(builder) ⊔ level(this) ⊔ obj_level(builder) ⊔ obj_level(this)
software.amazon.awssdk.services.secretsmanager.endpoints.internal.Parameter.meth,obj_level(builder),pc ⊔ level(builder) ⊔ level(this) ⊔ obj_level(builder) ⊔ obj_level(this)
software.amazon.awssdk.services.secretsmanager.endpoints.internal.ParseArn.meth,obj_level(this),pc ⊔ level(fnNode) ⊔ level(this) ⊔ obj_level(fnNode) ⊔ obj_level(this)
software.amazon.awssdk.services.secretsmanager.endpoints.internal.ParseArn.meth,obj_level(fnNode),pc ⊔ level(fnNode) ⊔ level(this) ⊔ obj_level(fnNode) ⊔ obj_level(this)
software.amazon.awssdk.services.secretsmanager.model.CancelRotateSecretRequest.meth,obj_level(builder),pc ⊔ level(builder) ⊔ level(this) ⊔ obj_level(builder) ⊔ obj_level(this)
software.amazon.awssdk.services.secretsmanager.model.CancelRotateSecretRequest.meth,obj_level(this),pc ⊔ level(builder) ⊔ level(this) ⊔ obj_level(builder) ⊔ obj_level(this)
software.amazon.awssdk.services.secretsmanager.model.ReplicateSecretToRegionsResponse.meth,obj_level(this),pc ⊔ level(builder) ⊔ level(this) ⊔ obj_level(builder) ⊔ obj_level(this)
software.amazon.awssdk.services.secretsmanager.model.ReplicateSecretToRegionsResponse.meth,obj_level(builder),pc ⊔ level(builder) ⊔ level(this) ⊔ obj_level(builder) ⊔ obj_level(this)
software.amazon.awssdk.services.secretsmanager.endpoints.internal.ErrorRule.meth,obj_level(this),pc ⊔ level(builder) ⊔ level(error) ⊔ level(this) ⊔ obj_level(builder) ⊔ obj_level(error) ⊔ obj_level(this)
software.amazon.awssdk.services.secretsmanager.endpoints.internal.ErrorRule.meth,obj_level(error),pc ⊔ level(builder) ⊔ level(error) ⊔ level(this) ⊔ obj_level(builder) ⊔ obj_level(error) ⊔ obj_level(this)
software.amazon.awssdk.services.secretsmanager.endpoints.internal.ErrorRule.meth,obj_level(builder),pc ⊔ level(builder) ⊔ level(error) ⊔ level(this) ⊔ obj_level(builder) ⊔ obj_level(error) ⊔ obj_level(this)
software.amazon.awssdk.services.secretsmanager.model.SecretListEntry.meth,obj_level(builder),pc ⊔ level(builder) ⊔ level(this) ⊔ obj_level(builder) ⊔ obj_level(this)
software.amazon.awssdk.services.secretsmanager.model.SecretListEntry.meth,obj_level(this),pc ⊔ level(builder) ⊔ level(this) ⊔ obj_level(builder) ⊔ obj_level(this)
software.amazon.awssdk.services.secretsmanager.model.FilterNameStringType.meth,obj_level(value),pc ⊔ level(l1) ⊔ level(l2) ⊔ level(this) ⊔ obj_level(l1) ⊔ obj_level(this)
software.amazon.awssdk.services.secretsmanager.model.FilterNameStringType.meth,obj_level(l1),pc ⊔ level(l1) ⊔ level(l2) ⊔ level(this) ⊔ obj_level(l1) ⊔ obj_level(this)
software.amazon.awssdk.services.secretsmanager.model.FilterNameStringType.meth,obj_level(this),pc ⊔ level(l1) ⊔ level(l2) ⊔ level(this) ⊔ level(value) ⊔ obj_level(l1) ⊔ obj_level(this)
software.amazon.awssdk.services.secretsmanager.endpoints.internal.SecretsManagerEndpointAuthSchemeInterceptor.meth,obj_level(this),pc ⊔ level(this) ⊔ obj_level(this)
software.amazon.awssdk.services.secretsmanager.endpoints.internal.AuthSchemeUtils.meth,obj_level(this),pc ⊔ level(this) ⊔ obj_level(this)
software.amazon.awssdk.services.secretsmanager.endpoints.internal.Outputs$Builder.meth,obj_level(this),pc ⊔ level(this) ⊔ obj_level(this)
software.amazon.awssdk.services.secretsmanager.endpoints.internal.SingleArgFn.meth,obj_level(fnNode),pc ⊔ level(fnNode) ⊔ level(this) ⊔ obj_level(fnNode) ⊔ obj_level(this)
software.amazon.awssdk.services.secretsmanager.endpoints.internal.SingleArgFn.meth,obj_level(this),pc ⊔ level(fnNode) ⊔ level(this) ⊔ obj_level(fnNode) ⊔ obj_level(this)
software.amazon.awssdk.services.secretsmanager.endpoints.internal.Partitions$Builder.meth,obj_level(this),pc ⊔ level(this) ⊔ obj_level(this)
software.amazon.awssdk.services.secretsmanager.endpoints.internal.ParameterReference.meth,obj_level(this),pc ⊔ level(builder) ⊔ level(this) ⊔ obj_level(builder) ⊔ obj_level(this)
software.amazon.awssdk.services.secretsmanager.endpoints.internal.ParameterReference.meth,obj_level(builder),pc ⊔ level(this) ⊔ obj_level(builder) ⊔ obj_level(this)
software.amazon.awssdk.services.secretsmanager.model.RotateSecretRequest.meth,obj_level(builder),pc ⊔ level(builder) ⊔ level(this) ⊔ obj_level(builder) ⊔ obj_level(this)
software.amazon.awssdk.services.secretsmanager.model.RotateSecretRequest.meth,obj_level(this),pc ⊔ level(builder) ⊔ level(this) ⊔ obj_level(builder) ⊔ obj_level(this)
software.amazon.awssdk.services.secretsmanager.model.ResourceExistsException$BuilderImpl.meth,obj_level(this),pc ⊔ level(this) ⊔ obj_level(this)
software.amazon.awssdk.services.secretsmanager.model.ResourceNotFoundException$BuilderImpl.meth,obj_level(this),pc ⊔ level(this) ⊔ obj_level(this)
software.amazon.awssdk.services.secretsmanager.transform.RotateSecretRequestMarshaller.meth,obj_level(this),pc ⊔ level(protocolFactory) ⊔ level(this) ⊔ obj_level(protocolFactory) ⊔ obj_level(this)
software.amazon.awssdk.services.secretsmanager.transform.RotateSecretRequestMarshaller.meth,obj_level(protocolFactory),pc ⊔ level(this) ⊔ obj_level(protocolFactory) ⊔ obj_level(this)
software.amazon.awssdk.services.secretsmanager.endpoints.internal.Value$Record.meth,obj_level(this),pc ⊔ level(this) ⊔ level(value) ⊔ obj_level(this) ⊔ obj_level(value)
software.amazon.awssdk.services.secretsmanager.endpoints.internal.Value$Record.meth,obj_level(value),pc ⊔ level(this) ⊔ level(value) ⊔ obj_level(this) ⊔ obj_level(value)
software.amazon.awssdk.services.secretsmanager.endpoints.internal.Identifier.meth,obj_level(this),pc ⊔ level(name) ⊔ level(this) ⊔ obj_level(name) ⊔ obj_level(this)
software.amazon.awssdk.services.secretsmanager.endpoints.internal.Identifier.meth,obj_level(name),pc ⊔ level(this) ⊔ obj_level(name) ⊔ obj_level(this)
software.amazon.awssdk.services.secretsmanager.transform.DeleteSecretRequestMarshaller.meth,obj_level(protocolFactory),pc ⊔ level(this) ⊔ obj_level(protocolFactory) ⊔ obj_level(this)
software.amazon.awssdk.services.secretsmanager.transform.DeleteSecretRequestMarshaller.meth,obj_level(this),pc ⊔ level(protocolFactory) ⊔ level(this) ⊔ obj_level(protocolFactory) ⊔ obj_level(this)
software.amazon.awssdk.services.secretsmanager.endpoints.internal.SourceException$BuilderImpl.meth,obj_level(this),pc ⊔ level(this) ⊔ obj_level(this)
software.amazon.awssdk.services.secretsmanager.paginators.ListSecretsIterable.meth,obj_level(firstRequest),pc ⊔ level(client) ⊔ level(firstRequest) ⊔ level(this) ⊔ obj_level(client) ⊔ obj_level(firstRequest) ⊔ obj_level(this)
software.amazon.awssdk.services.secretsmanager.paginators.ListSecretsIterable.meth,obj_level(client),pc ⊔ level(this) ⊔ obj_level(client) ⊔ obj_level(this)
software.amazon.awssdk.services.secretsmanager.paginators.ListSecretsIterable.meth,obj_level(this),pc ⊔ level(client) ⊔ level(firstRequest) ⊔ level(this) ⊔ obj_level(client) ⊔ obj_level(firstRequest) ⊔ obj_level(this)
software.amazon.awssdk.services.secretsmanager.endpoints.internal.IsVirtualHostableS3Bucket.meth,obj_level(this),pc ⊔ level(fnNode) ⊔ level(this) ⊔ obj_level(fnNode) ⊔ obj_level(this)
software.amazon.awssdk.services.secretsmanager.endpoints.internal.IsVirtualHostableS3Bucket.meth,obj_level(fnNode),pc ⊔ level(fnNode) ⊔ level(this) ⊔ obj_level(fnNode) ⊔ obj_level(this)
software.amazon.awssdk.services.secretsmanager.endpoints.internal.Substring.meth,obj_level(this),pc ⊔ level(fnNode) ⊔ level(this) ⊔ obj_level(fnNode) ⊔ obj_level(this)
software.amazon.awssdk.services.secretsmanager.endpoints.internal.Substring.meth,obj_level(fnNode),pc ⊔ level(fnNode) ⊔ level(this) ⊔ obj_level(fnNode) ⊔ obj_level(this)
software.amazon.awssdk.services.secretsmanager.model.ValidationErrorsEntry.meth,obj_level(this),pc ⊔ level(builder) ⊔ level(this) ⊔ obj_level(builder) ⊔ obj_level(this)
software.amazon.awssdk.services.secretsmanager.model.ValidationErrorsEntry.meth,obj_level(builder),pc ⊔ level(this) ⊔ obj_level(builder) ⊔ obj_level(this)
software.amazon.awssdk.services.secretsmanager.endpoints.internal.Literal$Str.meth,obj_level(this),pc ⊔ level(this) ⊔ level(value) ⊔ obj_level(this) ⊔ obj_level(value)
software.amazon.awssdk.services.secretsmanager.endpoints.internal.Literal$Str.meth,obj_level(value),pc ⊔ level(this) ⊔ level(value) ⊔ obj_level(this) ⊔ obj_level(value)
software.amazon.awssdk.services.secretsmanager.transform.RestoreSecretRequestMarshaller.meth,obj_level(protocolFactory),pc ⊔ level(this) ⊔ obj_level(protocolFactory) ⊔ obj_level(this)
software.amazon.awssdk.services.secretsmanager.transform.RestoreSecretRequestMarshaller.meth,obj_level(this),pc ⊔ level(protocolFactory) ⊔ level(this) ⊔ obj_level(protocolFactory) ⊔ obj_level(this)
software.amazon.awssdk.services.secretsmanager.endpoints.internal.UriEncodeFn.meth,obj_level(this),pc ⊔ level(fnNode) ⊔ level(this) ⊔ obj_level(fnNode) ⊔ obj_level(this)
software.amazon.awssdk.services.secretsmanager.endpoints.internal.UriEncodeFn.meth,obj_level(fnNode),pc ⊔ level(fnNode) ⊔ level(this) ⊔ obj_level(fnNode) ⊔ obj_level(this)
software.amazon.awssdk.services.secretsmanager.endpoints.internal.Rule.meth,obj_level(builder),pc ⊔ level(builder) ⊔ level(this) ⊔ obj_level(builder) ⊔ obj_level(this)
software.amazon.awssdk.services.secretsmanager.endpoints.internal.Rule.meth,obj_level(this),pc ⊔ level(builder) ⊔ level(this) ⊔ obj_level(builder) ⊔ obj_level(this)
software.amazon.awssdk.services.secretsmanager.model.SecretListTypeCopier.meth,obj_level(this),pc ⊔ level(this) ⊔ obj_level(this)
software.amazon.awssdk.services.secretsmanager.endpoints.internal.Literal.meth,obj_level(this),pc ⊔ level(source) ⊔ level(this) ⊔ obj_level(source) ⊔ obj_level(this)
software.amazon.awssdk.services.secretsmanager.endpoints.internal.Literal.meth,obj_level(source),pc ⊔ level(source) ⊔ level(this) ⊔ obj_level(source) ⊔ obj_level(this)
software.amazon.awssdk.services.secretsmanager.model.SecretsManagerRequest$BuilderImpl.meth,obj_level(this),pc ⊔ level(this) ⊔ obj_level(this)
software.amazon.awssdk.services.secretsmanager.model.FiltersListTypeCopier.meth,obj_level(this),pc ⊔ level(this) ⊔ obj_level(this)
software.amazon.awssdk.services.secretsmanager.model.SecretsManagerResponse.meth,obj_level(this),pc ⊔ level(builder) ⊔ level(this) ⊔ obj_level(builder) ⊔ obj_level(this)
software.amazon.awssdk.services.secretsmanager.model.SecretsManagerResponse.meth,obj_level(builder),pc ⊔ level(builder) ⊔ level(this) ⊔ obj_level(builder) ⊔ obj_level(this)
software.amazon.awssdk.services.secretsmanager.DefaultSecretsManagerBaseClientBuilder.meth,obj_level(this),pc ⊔ level(this) ⊔ obj_level(this)
software.amazon.awssdk.services.secretsmanager.endpoints.internal.Expr.meth,obj_level(this),pc ⊔ level(this) ⊔ obj_level(this)
software.amazon.awssdk.services.secretsmanager.model.DeleteSecretRequest.meth,obj_level(builder),pc ⊔ level(builder) ⊔ level(this) ⊔ obj_level(builder) ⊔ obj_level(this)
software.amazon.awssdk.services.secretsmanager.model.DeleteSecretRequest.meth,obj_level(this),pc ⊔ level(builder) ⊔ level(this) ⊔ obj_level(builder) ⊔ obj_level(this)
software.amazon.awssdk.services.secretsmanager.model.SecretsManagerResponse$BuilderImpl.meth,obj_level(this),pc ⊔ level(this) ⊔ obj_level(this)
software.amazon.awssdk.services.secretsmanager.endpoints.internal.Value$None.meth,obj_level(this),pc ⊔ level(this) ⊔ obj_level(this)
software.amazon.awssdk.services.secretsmanager.endpoints.internal.RuleError.meth,obj_level(this),pc ⊔ level(builder) ⊔ level(this) ⊔ obj_level(builder) ⊔ obj_level(this)
software.amazon.awssdk.services.secretsmanager.model.ValidateResourcePolicyRequest$BuilderImpl.meth,obj_level(this),pc ⊔ level(this) ⊔ obj_level(this)
software.amazon.awssdk.services.secretsmanager.endpoints.internal.DefaultSecretsManagerEndpointProvider.meth,obj_level(this),pc ⊔ level(this) ⊔ obj_level(this)
software.amazon.awssdk.services.secretsmanager.endpoints.internal.Literal$Bool.meth,obj_level(this),pc ⊔ level(this) ⊔ level(value) ⊔ obj_level(this)
software.amazon.awssdk.services.secretsmanager.model.ReplicationStatusListTypeCopier.meth,obj_level(this),pc ⊔ level(this) ⊔ obj_level(this)
software.amazon.awssdk.services.secretsmanager.endpoints.internal.Rule$Builder.meth,obj_level(this),pc ⊔ level(this) ⊔ obj_level(this)
software.amazon.awssdk.services.secretsmanager.model.AddReplicaRegionListTypeCopier.meth,obj_level(this),pc ⊔ level(this) ⊔ obj_level(this)
software.amazon.awssdk.services.secretsmanager.endpoints.internal.EndpointRuleset$Builder.meth,obj_level(this),pc ⊔ level(this) ⊔ obj_level(this)
software.amazon.awssdk.services.secretsmanager.endpoints.internal.Literal$Int.meth,obj_level(this),pc ⊔ level(this) ⊔ level(value) ⊔ obj_level(this) ⊔ obj_level(value)
software.amazon.awssdk.services.secretsmanager.endpoints.internal.Literal$Int.meth,obj_level(value),pc ⊔ level(this) ⊔ obj_level(this) ⊔ obj_level(value)
software.amazon.awssdk.services.secretsmanager.model.GetRandomPasswordResponse.meth,obj_level(builder),pc ⊔ level(builder) ⊔ level(this) ⊔ obj_level(builder) ⊔ obj_level(this)
software.amazon.awssdk.services.secretsmanager.model.GetRandomPasswordResponse.meth,obj_level(this),pc ⊔ level(builder) ⊔ level(this) ⊔ obj_level(builder) ⊔ obj_level(this)
software.amazon.awssdk.services.secretsmanager.paginators.ListSecretVersionIdsPublisher$ListSecretVersionIdsResponseFetcher.meth,obj_level(this),pc ⊔ level(l1) ⊔ level(this) ⊔ obj_level(l1) ⊔ obj_level(this)
software.amazon.awssdk.services.secretsmanager.paginators.ListSecretVersionIdsPublisher$ListSecretVersionIdsResponseFetcher.meth,obj_level(l1),pc ⊔ level(l1) ⊔ level(this) ⊔ obj_level(l1) ⊔ obj_level(this)
software.amazon.awssdk.services.secretsmanager.endpoints.internal.Parameters.meth,obj_level(this),pc ⊔ level(b) ⊔ level(this) ⊔ obj_level(b) ⊔ obj_level(this)
software.amazon.awssdk.services.secretsmanager.endpoints.internal.Parameters.meth,obj_level(b),pc ⊔ level(b) ⊔ level(this) ⊔ obj_level(b) ⊔ obj_level(this)
software.amazon.awssdk.services.secretsmanager.model.EncryptionFailureException.meth,obj_level(this),pc ⊔ level(builder) ⊔ level(this) ⊔ obj_level(builder) ⊔ obj_level(this)
software.amazon.awssdk.services.secretsmanager.model.CancelRotateSecretResponse$BuilderImpl.meth,obj_level(this),pc ⊔ level(this) ⊔ obj_level(this)
software.amazon.awssdk.services.secretsmanager.transform.RemoveRegionsFromReplicationRequestMarshaller.meth,obj_level(protocolFactory),pc ⊔ level(this) ⊔ obj_level(protocolFactory) ⊔ obj_level(this)
software.amazon.awssdk.services.secretsmanager.transform.RemoveRegionsFromReplicationRequestMarshaller.meth,obj_level(this),pc ⊔ level(protocolFactory) ⊔ level(this) ⊔ obj_level(protocolFactory) ⊔ obj_level(this)
software.amazon.awssdk.services.secretsmanager.model.InternalServiceErrorException.meth,obj_level(this),pc ⊔ level(builder) ⊔ level(this) ⊔ obj_level(builder) ⊔ obj_level(this)
software.amazon.awssdk.services.secretsmanager.endpoints.internal.Condition.meth,obj_level(this),pc ⊔ level(builder) ⊔ level(this) ⊔ obj_level(builder) ⊔ obj_level(this)
software.amazon.awssdk.services.secretsmanager.endpoints.internal.Condition.meth,obj_level(builder),pc ⊔ level(builder) ⊔ level(this) ⊔ obj_level(builder) ⊔ obj_level(this)
software.amazon.awssdk.services.secretsmanager.transform.ListSecretsRequestMarshaller.meth,obj_level(protocolFactory),pc ⊔ level(this) ⊔ obj_level(protocolFactory) ⊔ obj_level(this)
software.amazon.awssdk.services.secretsmanager.transform.ListSecretsRequestMarshaller.meth,obj_level(this),pc ⊔ level(protocolFactory) ⊔ level(this) ⊔ obj_level(protocolFactory) ⊔ obj_level(this)
software.amazon.awssdk.services.secretsmanager.endpoints.internal.Value.meth,obj_level(this),pc ⊔ level(this) ⊔ obj_level(this)
software.amazon.awssdk.services.secretsmanager.endpoints.internal.GetAttr.meth,obj_level(this),pc ⊔ level(node) ⊔ level(this) ⊔ obj_level(node) ⊔ obj_level(this)
software.amazon.awssdk.services.secretsmanager.endpoints.internal.GetAttr.meth,obj_level(node),pc ⊔ level(node) ⊔ level(this) ⊔ obj_level(node) ⊔ obj_level(this)
software.amazon.awssdk.services.secretsmanager.model.TagResourceResponse.meth,obj_level(this),pc ⊔ level(builder) ⊔ level(this) ⊔ obj_level(builder) ⊔ obj_level(this)
software.amazon.awssdk.services.secretsmanager.model.TagResourceResponse.meth,obj_level(builder),pc ⊔ level(builder) ⊔ level(this) ⊔ obj_level(builder) ⊔ obj_level(this)
software.amazon.awssdk.services.secretsmanager.model.RestoreSecretRequest.meth,obj_level(builder),pc ⊔ level(builder) ⊔ level(this) ⊔ obj_level(builder) ⊔ obj_level(this)
software.amazon.awssdk.services.secretsmanager.model.RestoreSecretRequest.meth,obj_level(this),pc ⊔ level(builder) ⊔ level(this) ⊔ obj_level(builder) ⊔ obj_level(this)
software.amazon.awssdk.services.secretsmanager.model.RemoveReplicaRegionListTypeCopier.meth,obj_level(this),pc ⊔ level(this) ⊔ obj_level(this)
software.amazon.awssdk.services.secretsmanager.transform.CancelRotateSecretRequestMarshaller.meth,obj_level(protocolFactory),pc ⊔ level(this) ⊔ obj_level(protocolFactory) ⊔ obj_level(this)
software.amazon.awssdk.services.secretsmanager.transform.CancelRotateSecretRequestMarshaller.meth,obj_level(this),pc ⊔ level(protocolFactory) ⊔ level(this) ⊔ obj_level(protocolFactory) ⊔ obj_level(this)
software.amazon.awssdk.services.secretsmanager.model.TagResourceRequest.meth,obj_level(this),pc ⊔ level(builder) ⊔ level(this) ⊔ obj_level(builder) ⊔ obj_level(this)
software.amazon.awssdk.services.secretsmanager.model.TagResourceRequest.meth,obj_level(builder),pc ⊔ level(builder) ⊔ level(this) ⊔ obj_level(builder) ⊔ obj_level(this)
software.amazon.awssdk.services.secretsmanager.endpoints.internal.DefaultPartitionDataProvider.meth,obj_level(this),pc ⊔ level(this) ⊔ obj_level(this)
software.amazon.awssdk.services.secretsmanager.model.TagListTypeCopier.meth,obj_level(this),pc ⊔ level(this) ⊔ obj_level(this)
software.amazon.awssdk.services.secretsmanager.endpoints.internal.IsSet.meth,obj_level(this),pc ⊔ level(fnNode) ⊔ level(this) ⊔ obj_level(fnNode) ⊔ obj_level(this)
software.amazon.awssdk.services.secretsmanager.endpoints.internal.IsSet.meth,obj_level(fnNode),pc ⊔ level(fnNode) ⊔ level(this) ⊔ obj_level(fnNode) ⊔ obj_level(this)
software.amazon.awssdk.services.secretsmanager.endpoints.internal.VarargFn.meth,obj_level(this),pc ⊔ level(fnNode) ⊔ level(this) ⊔ obj_level(fnNode) ⊔ obj_level(this)
software.amazon.awssdk.services.secretsmanager.endpoints.internal.VarargFn.meth,obj_level(fnNode),pc ⊔ level(fnNode) ⊔ level(this) ⊔ obj_level(fnNode) ⊔ obj_level(this)
software.amazon.awssdk.services.secretsmanager.endpoints.internal.Value$Endpoint$Builder.meth,obj_level(this),pc ⊔ level(this) ⊔ obj_level(this)
software.amazon.awssdk.services.secretsmanager.model.DeleteResourcePolicyRequest.meth,obj_level(builder),pc ⊔ level(builder) ⊔ level(this) ⊔ obj_level(builder) ⊔ obj_level(this)
software.amazon.awssdk.services.secretsmanager.model.DeleteResourcePolicyRequest.meth,obj_level(this),pc ⊔ level(builder) ⊔ level(this) ⊔ obj_level(builder) ⊔ obj_level(this)
software.amazon.awssdk.services.secretsmanager.model.KmsKeyIdListTypeCopier.meth,obj_level(this),pc ⊔ level(this) ⊔ obj_level(this)
software.amazon.awssdk.services.secretsmanager.endpoints.internal.Template$Dynamic.meth,obj_level(expr),pc ⊔ level(expr) ⊔ level(raw) ⊔ level(this) ⊔ obj_level(expr) ⊔ obj_level(raw) ⊔ obj_level(this)
software.amazon.awssdk.services.secretsmanager.endpoints.internal.Template$Dynamic.meth,obj_level(raw),pc ⊔ level(this) ⊔ obj_level(raw) ⊔ obj_level(this)
software.amazon.awssdk.services.secretsmanager.endpoints.internal.Template$Dynamic.meth,obj_level(this),pc ⊔ level(expr) ⊔ level(raw) ⊔ level(this) ⊔ obj_level(expr) ⊔ obj_level(raw) ⊔ obj_level(this)
software.amazon.awssdk.services.secretsmanager.model.PreconditionNotMetException.meth,obj_level(this),pc ⊔ level(builder) ⊔ level(this) ⊔ obj_level(builder) ⊔ obj_level(this)
software.amazon.awssdk.services.secretsmanager.model.SecretsManagerResponseMetadata.meth,obj_level(this),pc ⊔ level(responseMetadata) ⊔ level(this) ⊔ obj_level(responseMetadata)
software.amazon.awssdk.services.secretsmanager.model.SecretsManagerResponseMetadata.meth,obj_level(responseMetadata),pc ⊔ level(responseMetadata) ⊔ level(this) ⊔ obj_level(responseMetadata)
software.amazon.awssdk.services.secretsmanager.endpoints.internal.Template$Part.meth,obj_level(this),pc ⊔ level(this) ⊔ obj_level(this)
software.amazon.awssdk.services.secretsmanager.endpoints.internal.Parameters$Builder.meth,obj_level(this),pc ⊔ level(this) ⊔ obj_level(this)
software.amazon.awssdk.services.secretsmanager.endpoints.internal.Arn.meth,obj_level(accountId),pc ⊔ level(this) ⊔ obj_level(accountId) ⊔ obj_level(this)
software.amazon.awssdk.services.secretsmanager.endpoints.internal.Arn.meth,obj_level(resource),pc ⊔ level(accountId) ⊔ level(partition) ⊔ level(region) ⊔ level(resource) ⊔ level(service) ⊔ level(this) ⊔ obj_level(accountId) ⊔ obj_level(resource) ⊔ obj_level(this)
software.amazon.awssdk.services.secretsmanager.endpoints.internal.Arn.meth,obj_level(region),pc ⊔ level(this) ⊔ obj_level(region) ⊔ obj_level(this)
software.amazon.awssdk.services.secretsmanager.endpoints.internal.Arn.meth,obj_level(service),pc ⊔ level(this) ⊔ obj_level(service) ⊔ obj_level(this)
software.amazon.awssdk.services.secretsmanager.endpoints.internal.Arn.meth,obj_level(partition),pc ⊔ level(this) ⊔ obj_level(partition) ⊔ obj_level(this)
software.amazon.awssdk.services.secretsmanager.endpoints.internal.Arn.meth,obj_level(this),pc ⊔ level(accountId) ⊔ level(partition) ⊔ level(region) ⊔ level(resource) ⊔ level(service) ⊔ level(this) ⊔ obj_level(accountId) ⊔ obj_level(resource) ⊔ obj_level(this)
software.amazon.awssdk.services.secretsmanager.model.GetSecretValueRequest.meth,obj_level(this),pc ⊔ level(builder) ⊔ level(this) ⊔ obj_level(builder) ⊔ obj_level(this)
software.amazon.awssdk.services.secretsmanager.model.GetSecretValueRequest.meth,obj_level(builder),pc ⊔ level(builder) ⊔ level(this) ⊔ obj_level(builder) ⊔ obj_level(this)
software.amazon.awssdk.services.secretsmanager.endpoints.internal.DefaultRuleEngine.meth,obj_level(this),pc ⊔ level(this) ⊔ obj_level(this)
software.amazon.awssdk.services.secretsmanager.transform.UntagResourceRequestMarshaller.meth,obj_level(this),pc ⊔ level(protocolFactory) ⊔ level(this) ⊔ obj_level(protocolFactory) ⊔ obj_level(this)
software.amazon.awssdk.services.secretsmanager.transform.UntagResourceRequestMarshaller.meth,obj_level(protocolFactory),pc ⊔ level(this) ⊔ obj_level(protocolFactory) ⊔ obj_level(this)
software.amazon.awssdk.services.secretsmanager.endpoints.internal.SourceException.meth,obj_level(this),pc ⊔ level(b) ⊔ level(this) ⊔ obj_level(b) ⊔ obj_level(this)
software.amazon.awssdk.services.secretsmanager.endpoints.internal.EndpointRule.meth,obj_level(endpoint),pc ⊔ level(builder) ⊔ level(endpoint) ⊔ level(this) ⊔ obj_level(builder) ⊔ obj_level(endpoint) ⊔ obj_level(this)
software.amazon.awssdk.services.secretsmanager.endpoints.internal.EndpointRule.meth,obj_level(builder),pc ⊔ level(builder) ⊔ level(endpoint) ⊔ level(this) ⊔ obj_level(builder) ⊔ obj_level(endpoint) ⊔ obj_level(this)
software.amazon.awssdk.services.secretsmanager.endpoints.internal.EndpointRule.meth,obj_level(this),pc ⊔ level(builder) ⊔ level(endpoint) ⊔ level(this) ⊔ obj_level(builder) ⊔ obj_level(endpoint) ⊔ obj_level(this)
software.amazon.awssdk.services.secretsmanager.endpoints.internal.Not.meth,obj_level(this),pc ⊔ level(fnNode) ⊔ level(this) ⊔ obj_level(fnNode) ⊔ obj_level(this)
software.amazon.awssdk.services.secretsmanager.endpoints.internal.Not.meth,obj_level(fnNode),pc ⊔ level(fnNode) ⊔ level(this) ⊔ obj_level(fnNode) ⊔ obj_level(this)
software.amazon.awssdk.services.secretsmanager.endpoints.internal.FatScope.meth,obj_level(this),pc ⊔ obj_level(this)
software.amazon.awssdk.services.secretsmanager.endpoints.internal.InnerParseError.meth,obj_level(this),pc ⊔ level(message) ⊔ level(this) ⊔ obj_level(message) ⊔ obj_level(this)
software.amazon.awssdk.services.secretsmanager.endpoints.internal.Fn.meth,obj_level(fnNode),pc ⊔ level(fnNode) ⊔ level(this) ⊔ obj_level(fnNode) ⊔ obj_level(this)
software.amazon.awssdk.services.secretsmanager.endpoints.internal.Fn.meth,obj_level(this),pc ⊔ level(fnNode) ⊔ level(this) ⊔ obj_level(fnNode) ⊔ obj_level(this)
software.amazon.awssdk.services.secretsmanager.endpoints.internal.RegionOverride$Builder.meth,obj_level(this),pc ⊔ level(this) ⊔ obj_level(this)
software.amazon.awssdk.services.secretsmanager.model.RotationRulesType$BuilderImpl.meth,obj_level(this),pc ⊔ level(this) ⊔ obj_level(this)
software.amazon.awssdk.services.secretsmanager.transform.UpdateSecretRequestMarshaller.meth,obj_level(this),pc ⊔ level(protocolFactory) ⊔ level(this) ⊔ obj_level(protocolFactory) ⊔ obj_level(this)
software.amazon.awssdk.services.secretsmanager.transform.UpdateSecretRequestMarshaller.meth,obj_level(protocolFactory),pc ⊔ level(this) ⊔ obj_level(protocolFactory) ⊔ obj_level(this)
software.amazon.awssdk.services.secretsmanager.endpoints.internal.FnNode$Builder.meth,obj_level(this),pc ⊔ level(this) ⊔ obj_level(this)
software.amazon.awssdk.services.secretsmanager.endpoints.internal.ParameterType.meth,obj_level(l1),pc ⊔ level(l1) ⊔ level(l2) ⊔ level(this) ⊔ obj_level(l1) ⊔ obj_level(this)
software.amazon.awssdk.services.secretsmanager.endpoints.internal.ParameterType.meth,obj_level(name),pc ⊔ level(l1) ⊔ level(l2) ⊔ level(this) ⊔ obj_level(name) ⊔ obj_level(this)
software.amazon.awssdk.services.secretsmanager.endpoints.internal.ParameterType.meth,obj_level(this),pc ⊔ level(l1) ⊔ level(l2) ⊔ level(name) ⊔ level(this) ⊔ obj_level(name) ⊔ obj_level(this)
software.amazon.awssdk.services.secretsmanager.model.LimitExceededException$BuilderImpl.meth,obj_level(this),pc ⊔ level(this) ⊔ obj_level(this)
software.amazon.awssdk.services.secretsmanager.endpoints.internal.Ref.meth,obj_level(this),pc ⊔ level(name) ⊔ level(this) ⊔ obj_level(name) ⊔ obj_level(this)
software.amazon.awssdk.services.secretsmanager.endpoints.internal.Ref.meth,obj_level(name),pc ⊔ level(this) ⊔ obj_level(name) ⊔ obj_level(this)
software.amazon.awssdk.services.secretsmanager.model.SecretsManagerException$BuilderImpl.meth,obj_level(this),pc ⊔ level(this) ⊔ obj_level(this)
software.amazon.awssdk.services.secretsmanager.model.ValidateResourcePolicyResponse.meth,obj_level(builder),pc ⊔ level(builder) ⊔ level(this) ⊔ obj_level(builder) ⊔ obj_level(this)
software.amazon.awssdk.services.secretsmanager.model.ValidateResourcePolicyResponse.meth,obj_level(this),pc ⊔ level(builder) ⊔ level(this) ⊔ obj_level(builder) ⊔ obj_level(this)