com.scurrilous.circe.impl.AbstractIncrementalLongHash.meth,obj_level(this),pc ⊔ level(this) ⊔ obj_level(this)
com.scurrilous.circe.crc.ReflectedLongCrc.meth,obj_level(this),pc ⊔ level(algorithm) ⊔ level(init) ⊔ level(poly) ⊔ level(this) ⊔ level(width) ⊔ level(xorOut) ⊔ obj_level(algorithm) ⊔ obj_level(this)
com.scurrilous.circe.crc.ReflectedLongCrc.meth,obj_level(algorithm),pc ⊔ level(algorithm) ⊔ level(init) ⊔ level(this) ⊔ level(width) ⊔ level(xorOut) ⊔ obj_level(algorithm) ⊔ obj_level(this)
com.scurrilous.circe.impl.IncrementalIntStatefulHash.meth,obj_level(stateless),pc ⊔ level(this) ⊔ obj_level(stateless) ⊔ obj_level(this)
com.scurrilous.circe.impl.IncrementalIntStatefulHash.meth,obj_level(this),pc ⊔ level(stateless) ⊔ level(this) ⊔ obj_level(stateless) ⊔ obj_level(this)
com.scurrilous.circe.crc.AbstractIntCrc.meth,obj_level(algorithm),pc ⊔ level(this) ⊔ obj_level(algorithm) ⊔ obj_level(this)
com.scurrilous.circe.crc.AbstractIntCrc.meth,obj_level(this),pc ⊔ level(algorithm) ⊔ level(bitWidth) ⊔ level(initial) ⊔ level(this) ⊔ level(xorOut) ⊔ obj_level(algorithm) ⊔ obj_level(this)
com.scurrilous.circe.crc.StandardCrcProvider.meth,obj_level(this),pc ⊔ level(this) ⊔ obj_level(this)
com.scurrilous.circe.HashProviders.meth,obj_level(this),pc ⊔ level(this) ⊔ obj_level(this)
com.scurrilous.circe.HashSupport$SetComparator.meth,obj_level(this),pc ⊔ level(this) ⊔ obj_level(this)
com.scurrilous.circe.checksum.Java8IntHash.meth,obj_level(this),pc ⊔ level(this) ⊔ obj_level(this)
com.scurrilous.circe.checksum.Java9IntHash$1.meth,obj_level(this),pc ⊔ level(this) ⊔ obj_level(this)
com.scurrilous.circe.crc.JavaCrc32.meth,obj_level(this),pc ⊔ level(this) ⊔ obj_level(this)
com.scurrilous.circe.impl.AbstractStatelessLongHash.meth,obj_level(this),pc ⊔ level(this) ⊔ obj_level(this)
com.scurrilous.circe.crc.NormalIntCrc.meth,obj_level(algorithm),pc ⊔ level(algorithm) ⊔ level(bitWidth) ⊔ level(init) ⊔ level(this) ⊔ level(xorOut) ⊔ obj_level(algorithm) ⊔ obj_level(this)
com.scurrilous.circe.crc.NormalIntCrc.meth,obj_level(this),pc ⊔ level(algorithm) ⊔ level(bitWidth) ⊔ level(init) ⊔ level(poly) ⊔ level(this) ⊔ level(xorOut) ⊔ obj_level(algorithm) ⊔ obj_level(this)
com.scurrilous.circe.checksum.NarSystem.meth,obj_level(this),pc ⊔ level(this) ⊔ obj_level(this)
com.scurrilous.circe.CommonHashes.meth,obj_level(this),pc ⊔ level(this) ⊔ obj_level(this)
com.scurrilous.circe.impl.AbstractHashProvider.meth,obj_level(parametersClass),pc ⊔ level(parametersClass) ⊔ level(this) ⊔ obj_level(parametersClass) ⊔ obj_level(this)
com.scurrilous.circe.impl.AbstractHashProvider.meth,obj_level(this),pc ⊔ level(parametersClass) ⊔ level(this) ⊔ obj_level(parametersClass) ⊔ obj_level(this)
com.scurrilous.circe.impl.IncrementalLongStatefulHash.meth,obj_level(stateless),pc ⊔ level(this) ⊔ obj_level(stateless) ⊔ obj_level(this)
com.scurrilous.circe.impl.IncrementalLongStatefulHash.meth,obj_level(this),pc ⊔ level(stateless) ⊔ level(this) ⊔ obj_level(stateless) ⊔ obj_level(this)
com.scurrilous.circe.crc.AbstractLongCrc.meth,obj_level(algorithm),pc ⊔ level(this) ⊔ obj_level(algorithm) ⊔ obj_level(this)
com.scurrilous.circe.crc.AbstractLongCrc.meth,obj_level(this),pc ⊔ level(algorithm) ⊔ level(bitWidth) ⊔ level(initial) ⊔ level(this) ⊔ level(xorOut) ⊔ obj_level(algorithm) ⊔ obj_level(this)
com.scurrilous.circe.crc.JavaCrc32$1.meth,obj_level(this$0),pc ⊔ level(this) ⊔ level(this$0) ⊔ obj_level(this) ⊔ obj_level(this$0)
com.scurrilous.circe.crc.JavaCrc32$1.meth,obj_level(this),pc ⊔ level(this) ⊔ level(this$0) ⊔ obj_level(this) ⊔ obj_level(this$0)
com.scurrilous.circe.crc.NormalLongCrc.meth,obj_level(this),pc ⊔ level(algorithm) ⊔ level(bitWidth) ⊔ level(init) ⊔ level(poly) ⊔ level(this) ⊔ level(xorOut) ⊔ obj_level(algorithm) ⊔ obj_level(this)
com.scurrilous.circe.crc.NormalLongCrc.meth,obj_level(algorithm),pc ⊔ level(algorithm) ⊔ level(bitWidth) ⊔ level(init) ⊔ level(this) ⊔ level(xorOut) ⊔ obj_level(algorithm) ⊔ obj_level(this)
com.scurrilous.circe.params.SimpleHashParameters.meth,obj_level(algorithm),pc ⊔ level(this) ⊔ obj_level(algorithm) ⊔ obj_level(this)
com.scurrilous.circe.params.SimpleHashParameters.meth,obj_level(this),pc ⊔ level(algorithm) ⊔ level(this) ⊔ obj_level(algorithm) ⊔ obj_level(this)
com.scurrilous.circe.impl.IntStatefulLongHash.meth,obj_level(intHash),pc ⊔ level(this) ⊔ obj_level(intHash) ⊔ obj_level(this)
com.scurrilous.circe.impl.IntStatefulLongHash.meth,obj_level(this),pc ⊔ level(intHash) ⊔ level(this) ⊔ obj_level(intHash) ⊔ obj_level(this)
com.scurrilous.circe.checksum.Crc32cSse42Provider.meth,obj_level(this),pc ⊔ level(this) ⊔ obj_level(this)
com.scurrilous.circe.Hashes.meth,obj_level(this),pc ⊔ level(this) ⊔ obj_level(this)
com.scurrilous.circe.HashSupport.meth,obj_level(l1),pc ⊔ level(l1) ⊔ level(l2) ⊔ level(this) ⊔ obj_level(l1) ⊔ obj_level(this)
com.scurrilous.circe.HashSupport.meth,obj_level(this),pc ⊔ level(l1) ⊔ level(l2) ⊔ level(priority) ⊔ level(this) ⊔ obj_level(l1) ⊔ obj_level(this)
com.scurrilous.circe.checksum.JniIntHash.meth,obj_level(this),pc ⊔ level(this) ⊔ obj_level(this)
com.scurrilous.circe.impl.AbstractHashProvider$1.meth,obj_level(l2),pc ⊔ level(l2) ⊔ level(l3) ⊔ level(this) ⊔ level(this$0) ⊔ obj_level(l2) ⊔ obj_level(l3) ⊔ obj_level(this) ⊔ obj_level(this$0)
com.scurrilous.circe.impl.AbstractHashProvider$1.meth,obj_level(l3),pc ⊔ level(l2) ⊔ level(l3) ⊔ level(this) ⊔ level(this$0) ⊔ obj_level(l2) ⊔ obj_level(l3) ⊔ obj_level(this) ⊔ obj_level(this$0)
com.scurrilous.circe.impl.AbstractHashProvider$1.meth,obj_level(this),pc ⊔ level(l2) ⊔ level(l3) ⊔ level(this) ⊔ level(this$0) ⊔ obj_level(l2) ⊔ obj_level(l3) ⊔ obj_level(this) ⊔ obj_level(this$0)
com.scurrilous.circe.impl.AbstractHashProvider$1.meth,obj_level(this$0),pc ⊔ level(l2) ⊔ level(l3) ⊔ level(this) ⊔ level(this$0) ⊔ obj_level(l2) ⊔ obj_level(l3) ⊔ obj_level(this) ⊔ obj_level(this$0)
com.scurrilous.circe.impl.AbstractIncrementalIntHash.meth,obj_level(this),pc ⊔ level(this) ⊔ obj_level(this)
com.scurrilous.circe.params.CrcParameters.meth,obj_level(this),pc ⊔ level(bitWidth) ⊔ level(initial) ⊔ level(name) ⊔ level(polynomial) ⊔ level(reflected) ⊔ level(this) ⊔ level(xorOut) ⊔ obj_level(name) ⊔ obj_level(this)
com.scurrilous.circe.params.CrcParameters.meth,obj_level(name),pc ⊔ level(this) ⊔ obj_level(name) ⊔ obj_level(this)
com.scurrilous.circe.impl.AbstractStatelessIntHash.meth,obj_level(this),pc ⊔ level(this) ⊔ obj_level(this)
com.scurrilous.circe.impl.IntStatelessLongHash.meth,obj_level(this),pc ⊔ level(intHash) ⊔ level(this) ⊔ obj_level(intHash) ⊔ obj_level(this)
com.scurrilous.circe.impl.IntStatelessLongHash.meth,obj_level(intHash),pc ⊔ level(this) ⊔ obj_level(intHash) ⊔ obj_level(this)
com.scurrilous.circe.impl.AbstractStatefulHash.meth,obj_level(this),pc ⊔ level(this) ⊔ obj_level(this)
com.scurrilous.circe.checksum.Java9IntHash.meth,obj_level(this),pc ⊔ level(this) ⊔ obj_level(this)
com.scurrilous.circe.params.MurmurHash3Variant.meth,obj_level(algorithm),pc ⊔ level(l1) ⊔ level(l2) ⊔ level(this) ⊔ obj_level(l1) ⊔ obj_level(this)
com.scurrilous.circe.params.MurmurHash3Variant.meth,obj_level(this),pc ⊔ level(algorithm) ⊔ level(l1) ⊔ level(l2) ⊔ level(this) ⊔ obj_level(l1) ⊔ obj_level(this)
com.scurrilous.circe.params.MurmurHash3Variant.meth,obj_level(l1),pc ⊔ level(l1) ⊔ level(l2) ⊔ level(this) ⊔ obj_level(l1) ⊔ obj_level(this)
com.scurrilous.circe.crc.NormalByteCrc.meth,obj_level(this),pc ⊔ level(algorithm) ⊔ level(bitWidth) ⊔ level(init) ⊔ level(poly) ⊔ level(this) ⊔ level(xorOut) ⊔ obj_level(algorithm) ⊔ obj_level(this)
com.scurrilous.circe.crc.NormalByteCrc.meth,obj_level(algorithm),pc ⊔ level(algorithm) ⊔ level(bitWidth) ⊔ level(init) ⊔ level(this) ⊔ level(xorOut) ⊔ obj_level(algorithm) ⊔ obj_level(this)
com.scurrilous.circe.impl.DirectByteBufferAccessLoader.meth,obj_level(this),pc ⊔ level(this) ⊔ obj_level(this)
com.scurrilous.circe.crc.Sse42Crc32C.meth,obj_level(this),pc ⊔ level(this) ⊔ obj_level(this)
com.scurrilous.circe.utils.NativeUtils.meth,obj_level(this),pc ⊔ level(this) ⊔ obj_level(this)
com.scurrilous.circe.crc.ReflectedIntCrc.meth,obj_level(this),pc ⊔ level(algorithm) ⊔ level(init) ⊔ level(poly) ⊔ level(this) ⊔ level(width) ⊔ level(xorOut) ⊔ obj_level(algorithm) ⊔ obj_level(this)
com.scurrilous.circe.crc.ReflectedIntCrc.meth,obj_level(algorithm),pc ⊔ level(algorithm) ⊔ level(init) ⊔ level(this) ⊔ level(width) ⊔ level(xorOut) ⊔ obj_level(algorithm) ⊔ obj_level(this)
com.scurrilous.circe.checksum.Crc32cIntChecksum.meth,obj_level(this),pc ⊔ level(this) ⊔ obj_level(this)
com.scurrilous.circe.impl.HashCacheLoader.meth,obj_level(this),pc ⊔ level(this) ⊔ obj_level(this)