org.apache.bookkeeper.stream.cli.commands.table.DelCommand$Flags.meth,obj_level(this),pc ⊔ level(this) ⊔ obj_level(this)
org.apache.bookkeeper.stream.cli.commands.table.GetTableCommand.meth,obj_level(this),pc ⊔ level(this) ⊔ obj_level(this)
org.apache.bookkeeper.stream.cli.TableAdminCommandGroup.meth,obj_level(this),pc ⊔ level(this) ⊔ obj_level(this)
org.apache.bookkeeper.stream.cli.ClusterCommandGroup.meth,obj_level(this),pc ⊔ level(this) ⊔ obj_level(this)
org.apache.bookkeeper.stream.cli.commands.namespace.GetNamespaceCommand.meth,obj_level(this),pc ⊔ level(this) ⊔ obj_level(this)
org.apache.bookkeeper.stream.cli.commands.table.CreateTableCommand$Flags.meth,obj_level(this),pc ⊔ level(this) ⊔ obj_level(this)
org.apache.bookkeeper.stream.cli.commands.table.CreateTableCommand.meth,obj_level(this),pc ⊔ level(this) ⊔ obj_level(this)
org.apache.bookkeeper.stream.cli.commands.namespace.CreateNamespaceCommand.meth,obj_level(this),pc ⊔ level(this) ⊔ obj_level(this)
org.apache.bookkeeper.stream.cli.commands.namespace.GetNamespaceCommand$Flags.meth,obj_level(this),pc ⊔ level(this) ⊔ obj_level(this)
org.apache.bookkeeper.stream.cli.NamespaceCommandGroup.meth,obj_level(this),pc ⊔ level(this) ⊔ obj_level(this)
org.apache.bookkeeper.stream.cli.commands.cluster.InitClusterCommand$Flags.meth,obj_level(this),pc ⊔ level(this) ⊔ obj_level(this)
org.apache.bookkeeper.stream.cli.commands.table.DeleteTableCommand.meth,obj_level(this),pc ⊔ level(this) ⊔ obj_level(this)
org.apache.bookkeeper.stream.cli.commands.table.IncrementCommand$Flags.meth,obj_level(this),pc ⊔ level(this) ⊔ obj_level(this)
org.apache.bookkeeper.stream.cli.commands.AdminCommand.meth,obj_level(this),pc ⊔ level(spec) ⊔ level(this) ⊔ obj_level(spec) ⊔ obj_level(this)
org.apache.bookkeeper.stream.cli.commands.AdminCommand.meth,obj_level(spec),pc ⊔ level(spec) ⊔ level(this) ⊔ obj_level(spec) ⊔ obj_level(this)
org.apache.bookkeeper.stream.cli.commands.table.IncrementCommand.meth,obj_level(this),pc ⊔ level(this) ⊔ obj_level(this)
org.apache.bookkeeper.stream.cli.TableCommandGroup.meth,obj_level(this),pc ⊔ level(this) ⊔ obj_level(this)
org.apache.bookkeeper.stream.cli.commands.ClientCommand.meth,obj_level(this),pc ⊔ level(spec) ⊔ level(this) ⊔ obj_level(spec) ⊔ obj_level(this)
org.apache.bookkeeper.stream.cli.commands.ClientCommand.meth,obj_level(spec),pc ⊔ level(spec) ⊔ level(this) ⊔ obj_level(spec) ⊔ obj_level(this)
org.apache.bookkeeper.stream.cli.commands.namespace.DeleteNamespaceCommand$Flags.meth,obj_level(this),pc ⊔ level(this) ⊔ obj_level(this)
org.apache.bookkeeper.stream.cli.commands.table.PutCommand.meth,obj_level(this),pc ⊔ level(this) ⊔ obj_level(this)
org.apache.bookkeeper.stream.cli.commands.table.GetCommand.meth,obj_level(this),pc ⊔ level(this) ⊔ obj_level(this)
org.apache.bookkeeper.stream.cli.commands.AbstractStreamCommand.meth,obj_level(spec),pc ⊔ level(spec) ⊔ level(this) ⊔ obj_level(spec) ⊔ obj_level(this)
org.apache.bookkeeper.stream.cli.commands.AbstractStreamCommand.meth,obj_level(this),pc ⊔ level(spec) ⊔ level(this) ⊔ obj_level(spec) ⊔ obj_level(this)
org.apache.bookkeeper.stream.cli.Commands.meth,obj_level(this),pc ⊔ level(this) ⊔ obj_level(this)
org.apache.bookkeeper.stream.cli.commands.table.GetTableCommand$Flags.meth,obj_level(this),pc ⊔ level(this) ⊔ obj_level(this)
org.apache.bookkeeper.stream.cli.commands.table.DeleteTableCommand$Flags.meth,obj_level(this),pc ⊔ level(this) ⊔ obj_level(this)
org.apache.bookkeeper.stream.cli.commands.table.PutCommand$Flags.meth,obj_level(this),pc ⊔ level(this) ⊔ obj_level(this)
org.apache.bookkeeper.stream.cli.commands.table.GetCommand$Flags.meth,obj_level(this),pc ⊔ level(this) ⊔ obj_level(this)
org.apache.bookkeeper.stream.cli.commands.cluster.InitClusterCommand.meth,obj_level(this),pc ⊔ level(this) ⊔ obj_level(this)
org.apache.bookkeeper.stream.cli.commands.table.DelCommand.meth,obj_level(this),pc ⊔ level(this) ⊔ obj_level(this)
org.apache.bookkeeper.stream.cli.commands.namespace.DeleteNamespaceCommand.meth,obj_level(this),pc ⊔ level(this) ⊔ obj_level(this)